Date,Children apprehended and placed in CBP custody*,Children in CBP custody,Children transferred out of CBP custody,Children in HHS Care,Children discharged from HHS Care,HHS_Lag_1,HHS_Lag_7,HHS_Lag_14,Rolling_Mean_7,Rolling_Mean_14,Rolling_STD_7,Net_Pressure,Year,Month,Day,Day_of_Week,Quarter,Is_Weekend,Weekday
2023-02-09,124,234,161,7908,353,7915.0,7803.0,6566.0,7823.714285714285,7654.071428571428,124.51467689354465,-192,2023,2,9,3,1,0,Thursday
2023-02-12,92,203,173,7434,317,7908.0,7903.0,7122.0,7756.714285714285,7676.357142857143,185.82762109520763,-144,2023,2,12,6,1,1,Sunday
2023-02-13,186,259,172,7483,244,7434.0,7879.0,7280.0,7700.142857142857,7690.857142857143,201.9714737047677,-72,2023,2,13,0,1,0,Monday
2023-02-14,154,225,220,7794,223,7483.0,7586.0,7433.0,7729.857142857143,7716.642857142857,197.63386060374933,-3,2023,2,14,1,1,0,Tuesday
2023-02-15,91,199,172,7869,290,7794.0,7720.0,7538.0,7751.142857142857,7740.285714285715,204.3064924498047,-118,2023,2,15,2,1,0,Wednesday
2023-02-16,81,213,153,7793,361,7869.0,7855.0,7472.0,7742.285714285715,7763.214285714285,200.35943891392802,-208,2023,2,16,3,1,0,Thursday
2023-02-20,209,285,184,7817,209,7793.0,7915.0,7743.0,7728.285714285715,7768.5,189.40407799702763,-25,2023,2,20,0,1,0,Monday
2023-02-21,184,314,217,7967,213,7817.0,7908.0,7803.0,7736.714285714285,7780.214285714285,199.7637890824329,4,2023,2,21,1,1,0,Tuesday
2023-02-22,107,215,230,7978,232,7967.0,7434.0,7903.0,7814.428571428572,7785.571428571428,165.19670814199426,-2,2023,2,22,2,1,0,Wednesday
2023-02-23,101,162,178,7914,386,7978.0,7483.0,7879.0,7876.0,7788.071428571428,78.81624198094237,-208,2023,2,23,3,1,0,Thursday
2023-02-26,99,190,176,7609,323,7914.0,7794.0,7586.0,7849.571428571428,7789.714285714285,127.1139346450695,-147,2023,2,26,6,1,1,Sunday
2023-02-27,167,239,166,7800,248,7609.0,7869.0,7720.0,7839.714285714285,7795.428571428572,128.02827068751958,-82,2023,2,27,0,1,0,Monday
2023-02-28,115,216,169,7896,200,7800.0,7793.0,7855.0,7854.428571428572,7798.357142857143,127.68301524067704,-31,2023,2,28,1,1,0,Tuesday
2023-03-01,84,158,193,7930,307,7896.0,7817.0,7915.0,7870.571428571428,7799.428571428572,129.29534297214343,-114,2023,3,1,2,1,0,Wednesday
2023-03-02,130,227,192,7870,335,7930.0,7967.0,7908.0,7856.714285714285,7796.714285714285,122.24390139622506,-143,2023,3,2,3,1,0,Thursday
2023-03-07,88,214,160,7859,259,7870.0,7978.0,7434.0,7839.714285714285,7827.071428571428,110.2523080419185,-99,2023,3,7,1,1,0,Tuesday
2023-03-08,113,208,159,7885,291,7859.0,7914.0,7483.0,7835.571428571428,7855.785714285715,107.50636747475812,-132,2023,3,8,2,1,0,Wednesday
2023-03-09,174,285,150,7786,340,7885.0,7609.0,7794.0,7860.857142857143,7855.214285714285,51.6282499265157,-190,2023,3,9,3,1,0,Thursday
2023-03-13,104,230,206,7567,249,7786.0,7800.0,7869.0,7827.571428571428,7833.642857142857,123.07566391296788,-43,2023,3,13,0,1,0,Monday
2023-03-14,147,276,214,7810,181,7567.0,7896.0,7793.0,7815.285714285715,7834.857142857143,119.34224494524258,33,2023,3,14,1,1,0,Tuesday
2023-03-15,108,220,213,7915,286,7810.0,7930.0,7817.0,7813.142857142857,7841.857142857143,117.05188104913869,-73,2023,3,15,2,1,0,Wednesday
2023-03-16,180,280,146,7989,308,7915.0,7870.0,7967.0,7830.142857142857,7843.428571428572,134.08756911240857,-162,2023,3,16,3,1,0,Thursday
2023-03-19,134,294,186,7885,306,7989.0,7859.0,7978.0,7833.857142857143,7836.785714285715,135.37408488016308,-120,2023,3,19,6,1,1,Sunday
2023-03-20,202,313,158,7931,279,7885.0,7885.0,7914.0,7840.428571428572,7838.0,139.3291751487023,-121,2023,3,20,0,1,0,Monday
2023-03-21,110,272,193,8050,221,7931.0,7786.0,7609.0,7878.142857142857,7869.5,156.77843024623877,-28,2023,3,21,1,1,0,Tuesday
2023-03-22,166,277,229,8097,246,8050.0,7567.0,7800.0,7953.857142857143,7890.714285714285,98.6887845222267,-17,2023,3,22,2,1,0,Wednesday
2023-03-23,136,276,178,8102,331,8097.0,7810.0,7896.0,7995.571428571428,7905.428571428572,88.98287689747141,-153,2023,3,23,3,1,0,Thursday
2023-03-26,87,246,173,7847,352,8102.0,7915.0,7930.0,7985.857142857143,7899.5,102.00396817677102,-179,2023,3,26,6,1,1,Sunday
2023-03-27,84,171,157,7994,235,7847.0,7989.0,7870.0,7986.571428571428,7908.357142857143,102.04714130056382,-78,2023,3,27,0,1,0,Monday
2023-03-28,167,209,157,8079,223,7994.0,7885.0,7859.0,8014.285714285715,7924.071428571428,96.03074904374563,-66,2023,3,28,1,1,0,Tuesday
2023-03-29,109,245,159,8208,267,8079.0,7931.0,7885.0,8053.857142857143,7947.142857142857,111.77272859307338,-108,2023,3,29,2,1,0,Wednesday
2023-03-30,156,256,176,8158,359,8208.0,8050.0,7786.0,8069.285714285715,7973.714285714285,118.40849390381318,-183,2023,3,30,3,1,0,Thursday
2023-04-02,125,232,192,7981,304,8158.0,8097.0,7567.0,8052.714285714285,8003.285714285715,121.94768589537104,-112,2023,4,2,6,2,1,Sunday
2023-04-03,118,139,168,8054,284,7981.0,8102.0,7810.0,8045.857142857143,8020.714285714285,120.04919626472943,-116,2023,4,3,0,2,0,Monday
2023-04-04,142,235,139,8068,259,8054.0,7847.0,7915.0,8077.428571428572,8031.642857142857,82.09721299136949,-120,2023,4,4,1,2,0,Tuesday
2023-04-05,148,245,175,8175,260,8068.0,7994.0,7989.0,8103.285714285715,8044.928571428572,79.91602735727801,-85,2023,4,5,2,2,0,Wednesday
2023-04-06,119,219,210,8178,284,8175.0,8079.0,7885.0,8117.428571428572,8065.857142857143,83.57802171793388,-74,2023,4,6,3,2,0,Thursday
2023-04-09,105,210,149,7900,329,8178.0,8208.0,7931.0,8073.428571428572,8063.642857142857,106.01235327836547,-180,2023,4,9,6,2,1,Sunday
2023-04-10,143,203,163,7826,265,7900.0,8158.0,8050.0,8026.0,8047.642857142857,132.7616912616919,-102,2023,4,10,0,2,0,Monday
2023-04-11,119,209,152,7922,187,7826.0,7981.0,8097.0,8017.571428571428,8035.142857142857,137.86933082071064,-35,2023,4,11,1,2,0,Tuesday
2023-04-12,155,212,181,7876,283,7922.0,8054.0,8102.0,7992.142857142857,8019.0,146.194423709688,-102,2023,4,12,2,2,0,Wednesday
2023-04-13,109,214,173,7795,370,7876.0,8068.0,7847.0,7953.142857142857,8015.285714285715,158.48283668526358,-197,2023,4,13,3,2,0,Thursday
2023-04-16,191,283,192,7380,272,7795.0,8175.0,7994.0,7839.571428571428,7971.428571428572,237.93686637625376,-80,2023,4,16,6,2,1,Sunday
2023-04-17,170,297,196,7344,248,7380.0,8178.0,8079.0,7720.428571428572,7918.928571428572,248.7889715822463,-52,2023,4,17,0,2,0,Monday
2023-04-18,152,272,214,7376,234,7344.0,7900.0,8208.0,7645.571428571428,7859.5,264.11352176848504,-20,2023,4,18,1,2,0,Tuesday
2023-04-19,239,367,224,7356,229,7376.0,7826.0,8158.0,7578.428571428572,7802.214285714285,270.2701470398688,-5,2023,4,19,2,2,0,Wednesday
2023-04-20,113,280,237,7490,320,7356.0,7922.0,7981.0,7516.714285714285,7767.142857142857,224.12549630784596,-83,2023,4,20,3,2,0,Thursday
2023-04-23,196,306,187,7534,266,7490.0,7876.0,8054.0,7467.857142857143,7730.0,161.1918407482521,-79,2023,4,23,6,2,1,Sunday
2023-04-24,236,330,222,7796,213,7534.0,7795.0,8068.0,7468.0,7710.571428571428,161.53018293805144,9,2023,4,24,0,2,0,Monday
2023-04-25,81,230,242,8017,202,7796.0,7380.0,8175.0,7559.0,7699.285714285715,255.68274612626254,40,2023,4,25,1,2,0,Tuesday
2023-04-26,118,245,160,8117,256,8017.0,7344.0,8178.0,7669.428571428572,7694.928571428572,308.7662854775746,-96,2023,4,26,2,2,0,Wednesday
2023-04-27,218,283,208,8159,310,8117.0,7376.0,7900.0,7781.285714285715,7713.428571428572,326.091865525506,-102,2023,4,27,3,2,0,Thursday
2023-04-30,132,243,183,8352,293,8159.0,7356.0,7826.0,7923.571428571428,7751.0,326.89083659169603,-110,2023,4,30,6,2,1,Sunday
2023-05-01,224,315,152,8492,237,8352.0,7490.0,7922.0,8066.714285714285,7791.714285714285,324.76746259732477,-85,2023,5,1,0,2,0,Monday
2023-05-02,167,326,213,8654,245,8492.0,7534.0,7876.0,8226.714285714286,7847.285714285715,292.90596573286916,-32,2023,5,2,1,2,0,Tuesday
2023-05-03,209,353,232,8704,267,8654.0,7796.0,7795.0,8356.42857142857,7912.214285714285,270.5764569352238,-35,2023,5,3,2,2,0,Wednesday
2023-05-04,153,253,286,8790,332,8704.0,8017.0,7380.0,8466.857142857143,8012.928571428572,266.6711011536049,-46,2023,5,4,3,2,0,Thursday
2023-05-07,180,337,219,8485,375,8790.0,8117.0,7344.0,8519.42857142857,8094.428571428572,218.04575753944934,-156,2023,5,7,6,2,1,Sunday
2023-05-08,133,287,189,8590,261,8485.0,8159.0,7376.0,8581.0,8181.142857142857,149.33072914395893,-72,2023,5,8,0,2,0,Monday
2023-05-09,187,310,247,8606,250,8590.0,8352.0,7356.0,8617.285714285714,8270.42857142857,110.1252533643899,-3,2023,5,9,1,2,0,Tuesday
2023-05-10,168,285,210,8681,304,8606.0,8492.0,7490.0,8644.285714285714,8355.5,96.63111004521781,-94,2023,5,10,2,2,0,Wednesday
2023-05-11,269,412,204,8672,392,8681.0,8654.0,7534.0,8646.857142857143,8436.785714285714,97.17068929025059,-188,2023,5,11,3,2,0,Thursday
2023-05-14,100,255,236,8445,288,8672.0,8704.0,7796.0,8609.857142857143,8483.142857142857,118.7089277342236,-52,2023,5,14,6,2,1,Sunday
2023-05-15,205,294,177,8571,277,8445.0,8790.0,8017.0,8578.57142857143,8522.714285714286,88.27770036057808,-100,2023,5,15,0,2,0,Monday
2023-05-16,161,304,211,8572,272,8571.0,8485.0,8117.0,8591.0,8555.214285714286,78.48991442641704,-61,2023,5,16,1,2,0,Tuesday
2023-05-17,57,162,193,8569,307,8572.0,8590.0,8159.0,8588.0,8584.5,78.93457206234972,-114,2023,5,17,2,2,0,Wednesday
2023-05-18,80,122,152,8474,351,8569.0,8606.0,8352.0,8569.142857142857,8593.214285714286,89.03824753334494,-199,2023,5,18,3,2,0,Thursday
2023-05-21,107,170,133,7826,343,8474.0,8681.0,8492.0,8447.0,8545.642857142857,283.6911466131201,-210,2023,5,21,6,2,1,Sunday
2023-05-22,99,156,139,7848,240,7826.0,8672.0,8654.0,8329.285714285714,8488.07142857143,340.11356646749425,-101,2023,5,22,0,2,0,Monday
2023-05-23,25,66,94,7788,246,7848.0,8445.0,8704.0,8235.42857142857,8422.642857142857,389.87171272221485,-152,2023,5,23,1,2,0,Tuesday
2023-05-24,35,70,53,7709,276,7788.0,8571.0,8790.0,8112.285714285715,8345.42857142857,402.1544953065167,-223,2023,5,24,2,2,0,Wednesday
2023-05-25,43,73,64,7546,408,7709.0,8572.0,8485.0,7965.714285714285,8278.357142857143,393.558430344516,-344,2023,5,25,3,2,0,Thursday
2023-05-29,41,60,71,6996,207,7546.0,8569.0,8590.0,7741.0,8164.5,438.224828141904,-136,2023,5,29,0,2,0,Monday
2023-05-30,65,83,65,7046,168,6996.0,8474.0,8606.0,7537.0,8053.071428571428,366.66742424164335,-103,2023,5,30,1,2,0,Tuesday
2023-05-31,38,80,82,7053,210,7046.0,7826.0,8681.0,7426.571428571428,7936.785714285715,381.2356476611549,-128,2023,5,31,2,2,0,Wednesday
2023-06-01,56,82,68,7002,287,7053.0,7848.0,8672.0,7305.714285714285,7817.5,358.8076152507161,-219,2023,6,1,3,2,0,Thursday
2023-06-04,74,103,80,6555,292,7002.0,7788.0,8445.0,7129.571428571428,7682.5,384.32748932078755,-212,2023,6,4,6,2,1,Sunday
2023-06-05,68,107,102,6523,189,6555.0,7709.0,8571.0,6960.142857142857,7536.214285714285,345.80699268591604,-87,2023,6,5,0,2,0,Monday
2023-06-06,92,124,93,6508,187,6523.0,7546.0,8572.0,6811.857142857143,7388.785714285715,266.0760721870292,-94,2023,6,6,1,2,0,Tuesday
2023-06-07,113,162,107,6483,208,6508.0,6996.0,8569.0,6738.571428571428,7239.785714285715,277.3150177102208,-101,2023,6,7,2,2,0,Wednesday
2023-06-08,106,196,131,6446,255,6483.0,7046.0,8474.0,6652.857142857143,7094.928571428572,258.5468549228111,-124,2023,6,8,3,2,0,Thursday
2023-06-11,86,152,168,6007,238,6446.0,7053.0,7826.0,6503.428571428572,6965.0,289.19247174552527,-70,2023,6,11,6,2,1,Sunday
2023-06-12,84,118,136,6021,177,6007.0,7002.0,7848.0,6363.285714285715,6834.5,240.99703614063765,-41,2023,6,12,0,2,0,Monday
2023-06-13,59,64,117,6061,146,6021.0,6555.0,7788.0,6292.714285714285,6711.142857142857,247.73555409328097,-29,2023,6,13,1,2,0,Tuesday
2023-06-14,62,97,52,6065,167,6061.0,6523.0,7709.0,6227.285714285715,6593.714285714285,237.0279268255918,-115,2023,6,14,2,2,0,Wednesday
2023-06-15,91,75,97,6038,272,6065.0,6508.0,7546.0,6160.142857142857,6486.0,209.1908447418512,-175,2023,6,15,3,2,0,Thursday
2023-06-19,29,51,11,5679,142,6038.0,6483.0,6996.0,6045.285714285715,6391.928571428572,222.66620330718706,-131,2023,6,19,0,2,0,Monday
2023-06-20,33,53,34,5904,134,5679.0,6446.0,7046.0,5967.857142857143,6310.357142857143,138.38644992848367,-100,2023,6,20,1,2,0,Tuesday
2023-06-21,93,196,169,5922,149,5904.0,6007.0,7053.0,5955.714285714285,6229.571428571428,138.10830808428545,20,2023,6,21,2,2,0,Wednesday
2023-06-22,124,234,161,5956,207,5922.0,6021.0,7002.0,5946.428571428572,6154.857142857143,135.1404912709417,-46,2023,6,22,3,2,0,Thursday
2023-06-25,92,203,173,5766,263,5956.0,6061.0,6555.0,5904.285714285715,6098.5,139.38760619905776,-90,2023,6,25,6,2,1,Sunday
2023-06-26,186,259,172,5819,174,5766.0,6065.0,6523.0,5869.142857142857,6048.214285714285,122.04702450479833,-2,2023,6,26,0,2,0,Monday
2023-06-27,154,225,220,5917,155,5819.0,6038.0,6508.0,5851.857142857143,6006.0,100.87852194830552,65,2023,6,27,1,2,0,Tuesday
2023-06-28,91,199,172,5999,174,5917.0,5679.0,6483.0,5897.571428571428,5971.428571428572,79.79318505330629,-2,2023,6,28,2,2,0,Wednesday
2023-06-29,81,213,153,6058,213,5999.0,5904.0,6446.0,5919.571428571428,5943.714285714285,100.42386360298667,-60,2023,6,29,3,2,0,Thursday
2023-07-02,209,285,184,5903,309,6058.0,5922.0,6007.0,5916.857142857143,5936.285714285715,100.60389086482556,-125,2023,7,2,6,3,1,Sunday
2023-07-04,184,314,217,6127,124,5903.0,5956.0,6021.0,5941.285714285715,5943.857142857143,128.5673808886626,93,2023,7,4,1,3,0,Tuesday
2023-07-05,107,215,230,6193,167,6127.0,5766.0,6061.0,6002.285714285715,5953.285714285715,132.7688646805823,63,2023,7,5,2,3,0,Wednesday
2023-07-06,101,162,178,6239,205,6193.0,5819.0,6065.0,6062.285714285715,5965.714285714285,131.02507938776884,-27,2023,7,6,3,3,0,Thursday
2023-07-09,99,190,176,6214,196,6239.0,5917.0,6038.0,6104.714285714285,5978.285714285715,124.03858846573252,-20,2023,7,9,6,3,1,Sunday
2023-07-10,167,239,166,6346,163,6214.0,5999.0,5679.0,6154.285714285715,6025.928571428572,142.68580201000483,3,2023,7,10,0,3,0,Monday
2023-07-11,115,216,169,6498,143,6346.0,6058.0,5904.0,6217.142857142857,6068.357142857143,184.10452517653334,26,2023,7,11,1,3,0,Tuesday
2023-07-12,84,158,193,6521,210,6498.0,5903.0,5922.0,6305.428571428572,6111.142857142857,154.0831562748515,-17,2023,7,12,2,3,0,Wednesday
2023-07-13,130,227,192,6604,226,6521.0,6127.0,5956.0,6373.571428571428,6157.428571428572,166.95993246171636,-34,2023,7,13,3,3,0,Thursday
2023-07-16,88,214,160,6468,218,6604.0,6193.0,5766.0,6412.857142857143,6207.571428571428,148.7508303298227,-58,2023,7,16,6,3,1,Sunday
2023-07-17,113,208,159,6632,160,6468.0,6239.0,5819.0,6469.0,6265.642857142857,146.34092615078424,-1,2023,7,17,0,3,0,Monday
2023-07-18,174,285,150,6874,181,6632.0,6214.0,5917.0,6563.285714285715,6334.0,165.964568794793,-31,2023,7,18,1,3,0,Tuesday
2023-07-19,104,230,206,7001,226,6874.0,6346.0,5999.0,6656.857142857143,6405.571428571428,203.45222909522002,-20,2023,7,19,2,3,0,Wednesday
2023-07-20,147,276,214,7116,281,7001.0,6498.0,6058.0,6745.142857142857,6481.142857142857,251.45339433742933,-67,2023,7,20,3,3,0,Thursday
2023-07-23,108,220,213,7052,276,7116.0,6521.0,5903.0,6821.0,6563.214285714285,252.6572117844107,-63,2023,7,23,6,3,1,Sunday
2023-07-24,180,280,146,7220,187,7052.0,6604.0,6127.0,6909.0,6641.285714285715,271.083627933042,-41,2023,7,24,0,3,0,Monday
2023-07-25,134,294,186,7510,136,7220.0,6468.0,6193.0,7057.857142857143,6735.357142857143,274.6297074070542,50,2023,7,25,1,3,0,Tuesday
2023-07-26,202,313,158,7647,215,7510.0,6632.0,6239.0,7202.857142857143,6835.928571428572,280.20494200463156,-57,2023,7,26,2,3,0,Wednesday
2023-07-27,110,272,193,7754,259,7647.0,6874.0,6214.0,7328.571428571428,6945.928571428572,304.43163279729947,-66,2023,7,27,3,3,0,Thursday
2023-07-30,166,277,229,7671,305,7754.0,7001.0,6346.0,7424.285714285715,7040.571428571428,289.2223563775511,-76,2023,7,30,6,3,1,Sunday
2023-07-31,136,276,178,7800,220,7671.0,7116.0,6498.0,7522.0,7133.571428571428,283.1907484364783,-42,2023,7,31,0,3,0,Monday
2023-08-01,87,246,173,8103,168,7800.0,7052.0,6521.0,7672.142857142857,7246.571428571428,270.8144682074619,5,2023,8,1,1,3,0,Tuesday
2023-08-02,84,171,157,8261,271,8103.0,7220.0,6604.0,7820.857142857143,7364.928571428572,266.94283318810375,-114,2023,8,2,2,3,0,Wednesday
2023-08-03,167,209,157,8294,339,8261.0,7510.0,6468.0,7932.857142857143,7495.357142857143,278.9787498308063,-182,2023,8,3,3,3,0,Thursday
2023-08-06,109,245,159,8298,322,8294.0,7647.0,6632.0,8025.857142857143,7614.357142857143,276.2990098736522,-163,2023,8,6,6,3,1,Sunday
2023-08-07,156,256,176,8493,202,8298.0,7754.0,6874.0,8131.428571428572,7730.0,295.61960757191184,-26,2023,8,7,0,3,0,Monday
2023-08-08,125,232,192,8725,207,8493.0,7671.0,7001.0,8282.0,7853.142857142857,290.39513310893125,-15,2023,8,8,1,3,0,Tuesday
2023-08-09,118,139,168,8888,251,8725.0,7800.0,7116.0,8437.42857142857,7979.714285714285,280.41092295826917,-83,2023,8,9,2,3,0,Wednesday
2023-08-10,142,235,139,8914,353,8888.0,8103.0,7052.0,8553.285714285714,8112.714285714285,286.6761903180355,-214,2023,8,10,3,3,0,Thursday
2023-08-16,148,245,175,9634,288,8914.0,8261.0,7220.0,8749.42857142857,8285.142857142857,466.60256362452577,-113,2023,8,16,2,3,0,Wednesday
2023-08-17,119,219,210,9694,407,9634.0,8294.0,7510.0,8949.42857142857,8441.142857142857,534.0267961887765,-197,2023,8,17,3,3,0,Thursday
2023-08-20,105,210,149,9483,390,9694.0,8298.0,7647.0,9118.714285714286,8572.285714285714,477.9894400109037,-241,2023,8,20,6,3,1,Sunday
2023-08-21,143,203,163,9668,281,9483.0,8493.0,7754.0,9286.57142857143,8709.0,425.01131637599264,-118,2023,8,21,0,3,0,Monday
2023-08-22,119,209,152,9921,230,9668.0,8725.0,7671.0,9457.42857142857,8869.714285714286,401.37258548758666,-78,2023,8,22,1,3,0,Tuesday
2023-08-23,155,212,181,10071,285,9921.0,8888.0,7800.0,9626.42857142857,9031.92857142857,369.4350899878431,-104,2023,8,23,2,3,0,Wednesday
2023-08-24,109,214,173,10026,443,10071.0,8914.0,8103.0,9785.285714285714,9169.285714285714,221.49019111903624,-270,2023,8,24,3,3,0,Thursday
2023-08-27,191,283,192,9873,488,10026.0,9634.0,8261.0,9819.42857142857,9284.42857142857,212.52204367467854,-296,2023,8,27,6,3,1,Sunday
2023-08-28,170,297,196,10012,388,9873.0,9694.0,8294.0,9864.857142857143,9407.142857142857,215.21263018354597,-192,2023,8,28,0,3,0,Monday
2023-08-29,152,272,214,10180,286,10012.0,9483.0,8298.0,9964.42857142857,9541.57142857143,164.31560804641688,-72,2023,8,29,1,3,0,Tuesday
2023-08-30,239,367,224,10280,366,10180.0,9668.0,8493.0,10051.857142857143,9669.214285714286,141.54319549353713,-142,2023,8,30,2,3,0,Wednesday
2023-08-31,113,280,237,10140,505,10280.0,9921.0,8725.0,10083.142857142857,9770.285714285714,131.65666025887916,-268,2023,8,31,3,3,0,Thursday
2023-09-04,196,306,187,9988,293,10140.0,10071.0,8888.0,10071.285714285714,9848.857142857143,136.57807814073627,-106,2023,9,4,0,3,0,Monday
2023-09-05,236,330,222,10142,243,9988.0,10026.0,8914.0,10087.857142857143,9936.57142857143,137.2035332047076,-21,2023,9,5,1,3,0,Tuesday
2023-09-06,81,230,242,10356,291,10142.0,9873.0,9634.0,10156.857142857143,9988.142857142857,132.51343148472108,-49,2023,9,6,2,3,0,Wednesday
2023-09-07,118,245,160,10419,398,10356.0,10012.0,9694.0,10215.0,10039.92857142857,146.87296097891357,-238,2023,9,7,3,3,0,Thursday
2023-09-10,218,283,208,10282,382,10419.0,10180.0,9483.0,10229.57142857143,10097.0,147.87816735745452,-174,2023,9,10,6,3,1,Sunday
2023-09-11,132,243,183,10492,277,10282.0,10280.0,9668.0,10259.857142857143,10155.857142857143,178.47168643006142,-94,2023,9,11,0,3,0,Monday
2023-09-12,224,315,152,10649,316,10492.0,10140.0,9921.0,10332.57142857143,10207.857142857143,220.2906089260291,-164,2023,9,12,1,3,0,Tuesday
2023-09-13,167,326,213,10678,343,10649.0,9988.0,10071.0,10431.142857142857,10251.214285714286,193.10828445164972,-130,2023,9,13,2,3,0,Wednesday
2023-09-14,209,353,232,10837,414,10678.0,10142.0,10026.0,10530.42857142857,10309.142857142857,198.26653537011774,-182,2023,9,14,3,3,0,Thursday
2023-09-17,153,253,286,10799,427,10837.0,10356.0,9873.0,10593.714285714286,10375.285714285714,203.93112749640943,-141,2023,9,17,6,3,1,Sunday
2023-09-18,180,337,219,10892,313,10799.0,10419.0,10012.0,10661.285714285714,10438.142857142857,214.48210048538928,-94,2023,9,18,0,3,0,Monday
2023-09-19,133,287,189,11095,260,10892.0,10282.0,10180.0,10777.42857142857,10503.5,194.0110453410863,-71,2023,9,19,1,3,0,Tuesday
2023-09-20,187,310,247,11064,364,11095.0,10492.0,10280.0,10859.142857142857,10559.5,173.08709616028477,-117,2023,9,20,2,3,0,Wednesday
2023-09-21,168,285,210,11067,428,11064.0,10649.0,10140.0,10918.857142857143,10625.714285714286,160.1243564354514,-218,2023,9,21,3,3,0,Thursday
2023-09-24,269,412,204,10744,403,11067.0,10678.0,9988.0,10928.285714285714,10679.714285714286,144.78687128084584,-199,2023,9,24,6,3,1,Sunday
2023-09-25,100,255,236,10842,284,10744.0,10837.0,10142.0,10929.0,10729.714285714286,144.27288957640246,-48,2023,9,25,0,3,0,Monday
2023-09-26,205,294,177,10978,332,10842.0,10799.0,10356.0,10954.57142857143,10774.142857142857,132.79791306471793,-155,2023,9,26,1,3,0,Tuesday
2023-09-27,161,304,211,11017,331,10978.0,10892.0,10419.0,10972.42857142857,10816.857142857143,131.37840657560403,-120,2023,9,27,2,3,0,Wednesday
2023-09-28,57,162,193,10984,447,11017.0,11095.0,10282.0,10956.57142857143,10867.0,120.3548325342378,-254,2023,9,28,3,3,0,Thursday
2023-10-01,80,122,152,10598,493,10984.0,11064.0,10492.0,10890.0,10874.57142857143,169.76552457254303,-341,2023,10,1,6,4,1,Sunday
2023-10-02,107,170,133,10724,284,10598.0,11067.0,10649.0,10841.0,10879.92857142857,159.34344458869228,-151,2023,10,2,0,4,0,Monday
2023-10-03,99,156,139,10818,287,10724.0,10744.0,10678.0,10851.57142857143,10889.92857142857,154.2074978106088,-148,2023,10,3,1,4,0,Tuesday
2023-10-04,25,66,94,10963,330,10818.0,10842.0,10837.0,10868.857142857143,10898.92857142857,159.64171193811808,-236,2023,10,4,2,4,0,Wednesday
2023-10-05,35,70,53,11130,427,10963.0,10978.0,10799.0,10890.57142857143,10922.57142857143,185.2456541487807,-374,2023,10,5,3,4,0,Thursday
2023-10-09,43,73,64,10815,282,11130.0,11017.0,10892.0,10861.714285714286,10917.07142857143,177.85454195857594,-218,2023,10,9,0,4,0,Monday
2023-10-10,41,60,71,10910,257,10815.0,10984.0,11095.0,10851.142857142857,10903.857142857143,171.45886637091533,-186,2023,10,10,1,4,0,Tuesday
2023-10-11,65,83,65,10960,266,10910.0,10598.0,11064.0,10902.857142857143,10896.42857142857,132.56247404098627,-201,2023,10,11,2,4,0,Wednesday
2023-10-12,38,80,82,10992,398,10960.0,10724.0,11067.0,10941.142857142857,10891.07142857143,108.88285535627077,-316,2023,10,12,3,4,0,Thursday
2023-10-15,56,82,68,10571,434,10992.0,10818.0,10744.0,10905.857142857143,10878.714285714286,175.24214539849476,-366,2023,10,15,6,4,1,Sunday
2023-10-16,74,103,80,10629,331,10571.0,10963.0,10842.0,10858.142857142857,10863.5,200.70993047314036,-251,2023,10,16,0,4,0,Monday
2023-10-17,68,107,102,10630,315,10629.0,11130.0,10978.0,10786.714285714286,10838.642857142857,175.18344127026748,-213,2023,10,17,1,4,0,Tuesday
2023-10-18,92,124,93,10511,393,10630.0,10815.0,11017.0,10743.285714285714,10802.5,202.54687875968935,-300,2023,10,18,2,4,0,Wednesday
2023-10-19,113,162,107,10319,406,10511.0,10910.0,10984.0,10658.857142857143,10755.0,240.99753011983736,-299,2023,10,19,3,4,0,Thursday
2023-10-22,106,196,131,9506,454,10319.0,10960.0,10598.0,10451.142857142857,10677.0,462.7553091975549,-323,2023,10,22,6,4,1,Sunday
2023-10-23,86,152,168,9436,327,9506.0,10992.0,10724.0,10228.857142857143,10585.0,528.6723713137662,-159,2023,10,23,0,4,0,Monday
2023-10-24,84,118,136,9396,300,9436.0,10571.0,10818.0,10061.0,10483.42857142857,585.4234934359129,-164,2023,10,24,1,4,0,Tuesday
2023-10-25,59,64,117,9351,293,9396.0,10629.0,10963.0,9878.42857142857,10368.285714285714,577.9956335310768,-176,2023,10,25,2,4,0,Wednesday
2023-10-26,62,97,52,9235,390,9351.0,10630.0,11130.0,9679.142857142857,10232.92857142857,512.4468845878998,-338,2023,10,26,3,4,0,Thursday
2023-10-29,91,75,97,8925,418,9235.0,10511.0,10815.0,9452.57142857143,10097.92857142857,426.81254946519914,-321,2023,10,29,6,4,1,Sunday
2023-10-30,29,51,11,9026,278,8925.0,10319.0,10910.0,9267.857142857143,9963.357142857143,218.11421210878623,-267,2023,10,30,0,4,0,Monday
2023-10-31,33,53,34,9072,295,9026.0,9506.0,10960.0,9205.857142857143,9828.5,200.07617596930928,-261,2023,10,31,1,4,0,Tuesday
2023-11-01,132,235,197,9250,279,9072.0,9436.0,10992.0,9179.285714285714,9704.07142857143,175.22529715178123,-82,2023,11,1,2,4,0,Wednesday
2023-11-02,174,208,256,9442,330,9250.0,9396.0,10571.0,9185.857142857143,9623.42857142857,185.281253388378,-74,2023,11,2,3,4,0,Thursday
2023-11-05,123,230,167,9273,370,9442.0,9351.0,10629.0,9174.714285714286,9526.57142857143,175.7969608059156,-203,2023,11,5,6,4,1,Sunday
2023-11-06,123,233,159,9286,316,9273.0,9235.0,10630.0,9182.0,9430.57142857143,179.72478960907242,-157,2023,11,6,0,4,0,Monday
2023-11-07,141,232,188,9483,231,9286.0,8925.0,10511.0,9261.714285714286,9357.142857142857,170.23387274158577,-43,2023,11,7,1,4,0,Tuesday
2023-11-08,158,226,191,9634,310,9483.0,9026.0,10319.0,9348.57142857143,9308.214285714286,184.43775566384073,-119,2023,11,8,2,4,0,Wednesday
2023-11-12,96,160,233,9477,313,9634.0,9072.0,9506.0,9406.42857142857,9306.142857142857,141.81779054235741,-80,2023,11,12,6,4,1,Sunday
2023-11-13,141,173,129,9510,287,9477.0,9250.0,9436.0,9443.57142857143,9311.42857142857,127.32747431060113,-158,2023,11,13,0,4,0,Monday
2023-11-14,116,181,182,9665,247,9510.0,9442.0,9396.0,9475.42857142857,9330.642857142857,152.31421157479323,-65,2023,11,14,1,4,0,Tuesday
2023-11-15,150,157,201,9762,316,9665.0,9273.0,9351.0,9545.285714285714,9360.0,156.08941271571942,-115,2023,11,15,2,4,0,Wednesday
2023-11-16,80,176,125,9762,374,9762.0,9286.0,9235.0,9613.285714285714,9397.642857142857,124.86754887455625,-249,2023,11,16,3,4,0,Thursday
2023-11-19,116,188,164,9573,435,9762.0,9483.0,8925.0,9626.142857142857,9443.92857142857,113.31582497829422,-271,2023,11,19,6,4,1,Sunday
2023-11-20,105,185,158,9638,298,9573.0,9634.0,9026.0,9626.714285714286,9487.642857142857,113.37212221385522,-140,2023,11,20,0,4,0,Monday
2023-11-21,136,246,123,9804,250,9638.0,9477.0,9072.0,9673.42857142857,9539.92857142857,108.67360480350563,-127,2023,11,21,1,4,0,Tuesday
2023-11-23,128,228,177,9838,283,9804.0,9510.0,9250.0,9720.285714285714,9581.92857142857,96.49302960287747,-106,2023,11,23,3,4,0,Thursday
2023-11-26,90,196,205,9845,312,9838.0,9665.0,9442.0,9746.0,9610.714285714286,103.06470459556374,-107,2023,11,26,6,4,1,Sunday
2023-11-27,56,82,68,10123,214,9845.0,9762.0,9273.0,9797.57142857143,9671.42857142857,176.53598041473214,-146,2023,11,27,0,4,0,Monday
2023-11-28,74,103,80,10223,223,10123.0,9762.0,9286.0,9863.42857142857,9738.357142857143,236.76771819864223,-143,2023,11,28,1,4,0,Tuesday
2023-11-29,68,107,102,10398,284,10223.0,9573.0,9483.0,9981.285714285714,9803.714285714286,270.96722697639836,-182,2023,11,29,2,4,0,Wednesday
2023-11-30,92,124,93,10536,320,10398.0,9638.0,9634.0,10109.57142857143,9868.142857142857,293.0306338610268,-227,2023,11,30,3,4,0,Thursday
2023-12-03,132,235,197,10579,417,10536.0,9804.0,9477.0,10220.285714285714,9946.857142857143,304.51804231487245,-220,2023,12,3,6,4,1,Sunday
2023-12-04,174,208,256,10635,273,10579.0,9838.0,9510.0,10334.142857142857,10027.214285714286,286.20763358767266,-17,2023,12,4,0,4,0,Monday
2023-12-05,123,230,167,10761,261,10635.0,9845.0,9665.0,10465.0,10105.5,228.97234185241885,-94,2023,12,5,1,4,0,Tuesday
2023-12-06,123,233,159,10832,376,10761.0,10123.0,9762.0,10566.285714285714,10181.92857142857,208.36003638402877,-217,2023,12,6,2,4,0,Wednesday
2023-12-07,141,232,188,10897,466,10832.0,10223.0,9762.0,10662.57142857143,10263.0,176.5945045794729,-278,2023,12,7,3,4,0,Thursday
2023-12-10,158,226,191,10871,411,10897.0,10398.0,9573.0,10730.142857142857,10355.714285714286,146.39948607785828,-220,2023,12,10,6,4,1,Sunday
2023-12-11,96,160,233,10998,304,10871.0,10536.0,9638.0,10796.142857142857,10452.857142857143,148.4143171121378,-71,2023,12,11,0,4,0,Monday
2023-12-12,141,173,129,11077,259,10998.0,10579.0,9804.0,10867.285714285714,10543.785714285714,146.32237728827405,-130,2023,12,12,1,4,0,Tuesday
2023-12-13,116,181,182,11192,335,11077.0,10635.0,9838.0,10946.857142857143,10640.5,150.34563353774146,-153,2023,12,13,2,4,0,Wednesday
2023-12-14,150,157,201,11242,396,11192.0,10761.0,9845.0,11015.57142857143,10740.285714285714,160.79889836171816,-195,2023,12,14,3,4,0,Thursday
2023-12-17,80,176,125,11092,456,11242.0,10832.0,10123.0,11052.714285714286,10809.5,140.01394488393572,-331,2023,12,17,6,4,1,Sunday
2023-12-18,116,188,164,11149,364,11092.0,10897.0,10223.0,11088.714285714286,10875.642857142857,124.88356481924416,-200,2023,12,18,0,4,0,Monday
2023-12-19,105,185,158,11291,272,11149.0,10871.0,10398.0,11148.714285714286,10939.42857142857,101.5672425635513,-114,2023,12,19,1,4,0,Tuesday
2023-12-20,136,246,123,11516,390,11291.0,10998.0,10536.0,11222.714285714286,11009.42857142857,150.41466493873244,-267,2023,12,20,2,4,0,Wednesday
2023-12-21,128,228,177,11375,497,11516.0,11077.0,10579.0,11265.285714285714,11066.285714285714,144.3487839527295,-320,2023,12,21,3,4,0,Thursday
2023-12-25,90,196,205,11144,347,11375.0,11192.0,10635.0,11258.42857142857,11102.642857142857,149.45998031026886,-142,2023,12,25,0,4,0,Monday
2023-12-26,56,82,68,11217,288,11144.0,11242.0,10761.0,11254.857142857143,11135.214285714286,150.2147668857372,-220,2023,12,26,1,4,0,Tuesday
2023-12-27,74,103,80,11206,335,11217.0,11092.0,10832.0,11271.142857142857,11161.92857142857,135.02768675548225,-255,2023,12,27,2,4,0,Wednesday
2023-12-28,68,107,102,11230,357,11206.0,11149.0,10897.0,11282.714285714286,11185.714285714286,125.98374800729401,-255,2023,12,28,3,4,0,Thursday
2024-01-01,92,124,93,10870,290,11230.0,11291.0,10871.0,11222.57142857143,11185.642857142857,200.07320088993765,-197,2024,1,1,0,1,0,Monday
2024-01-02,113,162,107,10770,316,10870.0,11516.0,10998.0,11116.0,11169.357142857143,215.79079374877094,-209,2024,1,2,1,1,0,Tuesday
2024-01-03,106,196,131,10718,263,10770.0,11375.0,11077.0,11022.142857142857,11143.714285714286,226.95552322837585,-132,2024,1,3,2,1,0,Wednesday
2024-01-04,86,152,168,10558,362,10718.0,11144.0,11192.0,10938.42857142857,11098.42857142857,277.0606775557908,-194,2024,1,4,3,1,0,Thursday
2024-01-07,84,118,136,9670,367,10558.0,11217.0,11242.0,10717.42857142857,10986.142857142857,524.4040608611549,-231,2024,1,7,6,1,1,Sunday
2024-01-08,59,64,117,9670,367,9670.0,11206.0,11092.0,10498.0,10884.57142857143,601.5757087294833,-250,2024,1,8,0,1,0,Monday
2024-01-09,62,97,52,9311,286,9670.0,11230.0,11149.0,10223.857142857143,10753.285714285714,647.8714966646689,-234,2024,1,9,1,1,0,Tuesday
2024-01-10,91,75,97,9144,349,9311.0,10870.0,11291.0,9977.285714285714,10599.92857142857,688.1658507186158,-252,2024,1,10,2,1,0,Wednesday
2024-01-11,29,51,11,8829,476,9144.0,10770.0,11516.0,9700.0,10408.0,706.3268837207751,-465,2024,1,11,3,1,0,Thursday
2024-01-15,33,53,34,8033,234,8829.0,10718.0,11375.0,9316.42857142857,10169.285714285714,785.9242663138617,-200,2024,1,15,0,1,0,Monday
2024-01-16,32,49,39,8133,188,8033.0,10558.0,11144.0,8970.0,9954.214285714286,673.9159195824737,-149,2024,1,16,1,1,0,Tuesday
2024-01-17,80,176,125,8072,353,8133.0,9670.0,11217.0,8741.714285714286,9729.57142857143,667.9046125223219,-228,2024,1,17,2,1,0,Wednesday
2024-01-18,116,188,164,8042,359,8072.0,9670.0,11206.0,8509.142857142857,9503.57142857143,566.5449168928815,-195,2024,1,18,3,1,0,Thursday
2024-01-21,105,185,158,7974,371,8042.0,9311.0,11230.0,8318.142857142857,9271.0,467.95207324806285,-213,2024,1,21,6,1,1,Sunday
2024-01-22,136,246,123,8008,222,7974.0,9144.0,10870.0,8155.857142857143,9066.57142857143,301.01684812840443,-99,2024,1,22,0,1,0,Monday
2024-01-23,128,228,177,8133,202,8008.0,8829.0,10770.0,8056.428571428572,8878.214285714286,60.3679195790343,-25,2024,1,23,1,1,0,Tuesday
2024-01-24,90,196,205,8212,243,8133.0,8033.0,10718.0,8082.0,8699.214285714286,82.60548811478549,-38,2024,1,24,2,1,0,Wednesday
2024-01-25,102,189,155,8180,293,8212.0,8133.0,10558.0,8088.714285714285,8529.357142857143,89.09679060018645,-138,2024,1,25,3,1,0,Thursday
2024-01-28,120,257,126,8004,307,8180.0,8072.0,9670.0,8079.0,8410.357142857143,94.75054969065847,-181,2024,1,28,6,1,1,Sunday
2024-01-29,137,272,166,8057,195,8004.0,8042.0,9670.0,8081.142857142857,8295.142857142857,93.94045733242318,-29,2024,1,29,0,1,0,Monday
2024-01-30,93,198,208,8182,187,8057.0,7974.0,9311.0,8110.857142857143,8214.5,87.04487074966072,21,2024,1,30,1,1,0,Tuesday
2024-01-31,203,477,258,8153,266,8182.0,8008.0,9144.0,8131.571428571428,8143.714285714285,74.89293946006003,-8,2024,1,31,2,1,0,Wednesday
2024-02-01,222,459,289,8026,337,8153.0,8133.0,8829.0,8116.285714285715,8086.357142857143,84.81492456276246,-48,2024,2,1,3,1,0,Thursday
2024-02-04,253,531,248,7813,342,8026.0,8212.0,8033.0,8059.285714285715,8070.642857142857,131.17382143014063,-94,2024,2,4,6,1,1,Sunday
2024-02-05,157,466,345,7872,242,7813.0,8180.0,8133.0,8015.285714285715,8052.0,135.5184050055658,103,2024,2,5,0,1,0,Monday
2024-02-06,291,455,323,8045,178,7872.0,8004.0,8072.0,8021.142857142857,8050.071428571428,135.83498392224809,145,2024,2,6,1,1,0,Tuesday
2024-02-07,227,453,330,8160,222,8045.0,8057.0,8042.0,8035.857142857143,8058.5,145.59467546522518,108,2024,2,7,2,1,0,Wednesday
2024-02-08,298,499,358,8188,315,8160.0,8182.0,7974.0,8036.714285714285,8073.785714285715,146.61254412652707,43,2024,2,8,3,1,0,Thursday
2024-02-11,205,515,226,8056,347,8188.0,8153.0,8008.0,8022.857142857143,8077.214285714285,138.1284771163816,-121,2024,2,11,6,1,1,Sunday
2024-02-12,213,430,440,8092,234,8056.0,8026.0,8133.0,8032.285714285715,8074.285714285715,140.60904935998767,206,2024,2,12,0,1,0,Monday
2024-02-13,227,369,349,8348,160,8092.0,7813.0,8212.0,8108.714285714285,8084.0,146.81361685911094,189,2024,2,13,1,1,0,Tuesday
2024-02-14,185,322,272,8512,230,8348.0,7872.0,8180.0,8200.142857142857,8107.714285714285,171.95777444039328,42,2024,2,14,2,1,0,Wednesday
2024-02-15,333,508,272,8463,312,8512.0,8045.0,8004.0,8259.857142857143,8140.5,181.420715990468,-40,2024,2,15,3,1,0,Thursday
2024-02-19,249,420,371,8380,218,8463.0,8160.0,8057.0,8291.285714285714,8163.571428571428,180.2911666220037,153,2024,2,19,0,1,0,Monday
2024-02-20,149,395,273,8488,192,8380.0,8188.0,8182.0,8334.142857142857,8185.428571428572,187.17231683797453,81,2024,2,20,1,1,0,Tuesday
2024-02-21,232,430,318,8573,231,8488.0,8056.0,8153.0,8408.0,8215.42857142857,159.0104818348567,87,2024,2,21,2,1,0,Wednesday
2024-02-22,165,400,292,8607,293,8573.0,8092.0,8026.0,8481.57142857143,8256.92857142857,94.4825506692809,-1,2024,2,22,3,1,0,Thursday
2024-02-25,244,482,366,8404,329,8607.0,8348.0,7813.0,8489.57142857143,8299.142857142857,82.95552451548951,37,2024,2,25,6,1,1,Sunday
2024-02-26,199,438,326,8404,329,8404.0,8512.0,7872.0,8474.142857142857,8337.142857142857,87.97997607692886,-3,2024,2,26,0,1,0,Monday
2024-02-27,197,369,306,8650,206,8404.0,8463.0,8045.0,8500.857142857143,8380.357142857143,109.73366024377925,100,2024,2,27,1,1,0,Tuesday
2024-02-28,209,447,274,8699,257,8650.0,8380.0,8160.0,8546.42857142857,8418.857142857143,117.1649224283461,17,2024,2,28,2,1,0,Wednesday
2024-02-29,262,444,354,8724,299,8699.0,8488.0,8188.0,8580.142857142857,8457.142857142857,130.72034854540055,55,2024,2,29,3,1,0,Thursday
2024-03-03,236,468,347,8594,354,8724.0,8573.0,8056.0,8583.142857142857,8495.57142857143,130.77006356131753,-7,2024,3,3,6,1,1,Sunday
2024-03-04,225,509,340,8660,229,8594.0,8607.0,8092.0,8590.714285714286,8536.142857142857,133.87894318597287,111,2024,3,4,0,1,0,Monday
2024-03-05,246,472,345,8800,214,8660.0,8404.0,8348.0,8647.285714285714,8568.42857142857,125.21809545186784,131,2024,3,5,1,1,0,Tuesday
2024-03-06,230,457,277,8870,232,8800.0,8404.0,8512.0,8713.857142857143,8594.0,94.4006154137673,45,2024,3,6,2,1,0,Wednesday
2024-03-07,181,424,328,8902,305,8870.0,8650.0,8463.0,8749.857142857143,8625.357142857143,112.3364419522807,23,2024,3,7,3,1,0,Thursday
2024-03-10,190,368,326,8714,373,8902.0,8699.0,8380.0,8752.0,8649.214285714286,111.34331292608137,-47,2024,3,10,6,1,1,Sunday
2024-03-11,178,336,290,8757,253,8714.0,8724.0,8488.0,8756.714285714286,8668.42857142857,110.65669777255567,37,2024,3,11,0,1,0,Monday
2024-03-12,154,294,290,8843,213,8757.0,8594.0,8573.0,8792.285714285714,8687.714285714286,87.16022465509607,77,2024,3,12,1,1,0,Tuesday
2024-03-13,165,358,167,8819,239,8843.0,8660.0,8607.0,8815.0,8702.857142857143,64.78682993753769,-72,2024,3,13,2,1,0,Wednesday
2024-03-14,166,301,252,8695,310,8819.0,8800.0,8404.0,8800.0,8723.642857142857,79.35573913306693,-58,2024,3,14,3,1,0,Thursday
2024-03-17,127,260,259,8373,342,8695.0,8870.0,8404.0,8729.0,8721.42857142857,173.16947383037368,-83,2024,3,17,6,1,1,Sunday
2024-03-18,123,243,188,8333,283,8373.0,8902.0,8650.0,8647.714285714286,8698.785714285714,208.391230050418,-95,2024,3,18,0,1,0,Monday
2024-03-19,99,202,256,8390,197,8333.0,8714.0,8699.0,8601.42857142857,8676.714285714286,226.41691422603628,59,2024,3,19,1,1,0,Tuesday
2024-03-20,91,181,174,8365,227,8390.0,8757.0,8724.0,8545.42857142857,8651.07142857143,229.97525746836314,-53,2024,3,20,2,1,0,Wednesday
2024-03-21,132,261,141,8292,235,8365.0,8843.0,8594.0,8466.714285714286,8629.5,203.97607235962374,-94,2024,3,21,3,1,0,Thursday
2024-03-24,124,264,221,7899,373,8292.0,8819.0,8660.0,8335.285714285714,8575.142857142857,233.42287397608996,-152,2024,3,24,6,1,1,Sunday
2024-03-25,128,242,224,7899,229,7899.0,8695.0,8800.0,8221.57142857143,8510.785714285714,222.6176521474383,-5,2024,3,25,0,1,0,Monday
2024-03-26,187,276,200,7919,208,7899.0,8373.0,8870.0,8156.714285714285,8442.857142857143,236.82814745842572,-8,2024,3,26,1,1,0,Tuesday
2024-03-27,129,287,185,7893,215,7919.0,8333.0,8902.0,8093.857142857143,8370.785714285714,240.60231958668695,-30,2024,3,27,2,1,0,Wednesday
2024-03-28,161,288,248,7762,360,7893.0,8390.0,8714.0,8004.142857142857,8302.785714285714,228.55519287579915,-112,2024,3,28,3,1,0,Thursday
2024-03-31,105,254,151,7257,287,7762.0,8365.0,8757.0,7845.857142857143,8195.642857142857,307.1505757612916,-136,2024,3,31,6,1,1,Sunday
2024-04-01,109,235,171,7271,172,7257.0,8292.0,8843.0,7700.0,8083.357142857143,302.3645702349222,-1,2024,4,1,0,2,0,Monday
2024-04-02,101,230,175,7340,132,7271.0,7899.0,8819.0,7620.142857142857,7977.714285714285,314.6174547878077,43,2024,4,2,1,2,0,Tuesday
2024-04-03,124,230,190,7346,163,7340.0,7899.0,8695.0,7541.142857142857,7881.357142857143,302.1067298000675,27,2024,4,3,2,2,0,Wednesday
2024-04-04,95,226,152,7317,225,7346.0,7919.0,8373.0,7455.142857142857,7805.928571428572,259.2626908314366,-73,2024,4,4,3,2,0,Thursday
2024-04-07,106,239,233,6982,279,7317.0,7893.0,8333.0,7325.0,7709.428571428572,229.81441788251672,-46,2024,4,7,6,2,1,Sunday
2024-04-08,102,230,167,6988,199,6982.0,7762.0,8390.0,7214.428571428572,7609.285714285715,160.15914704120095,-32,2024,4,8,0,2,0,Monday
2024-04-09,118,231,217,7043,130,6988.0,7257.0,8365.0,7183.857142857143,7514.857142857143,170.75267550023528,87,2024,4,9,1,2,0,Tuesday
2024-04-10,117,244,142,6999,227,7043.0,7271.0,8292.0,7145.0,7422.5,178.39469349360954,-85,2024,4,10,2,2,0,Wednesday
2024-04-11,183,221,220,6912,285,6999.0,7340.0,7899.0,7083.857142857143,7352.0,173.7061009976947,-65,2024,4,11,3,2,0,Thursday
2024-04-14,128,245,243,6630,290,6912.0,7346.0,7899.0,6981.571428571428,7261.357142857143,202.1029911892201,-47,2024,4,14,6,2,1,Sunday
2024-04-15,144,303,176,6681,191,6630.0,7317.0,7919.0,6890.714285714285,7172.928571428572,165.89124377710505,-15,2024,4,15,0,2,0,Monday
2024-04-16,219,392,205,6685,163,6681.0,6982.0,7893.0,6848.285714285715,7086.642857142857,176.3062811187239,42,2024,4,16,1,2,0,Tuesday
2024-04-17,182,371,274,6725,227,6685.0,6988.0,7762.0,6810.714285714285,7012.571428571428,169.4606289434633,47,2024,4,17,2,2,0,Wednesday
2024-04-18,144,322,258,6728,260,6725.0,7043.0,7257.0,6765.714285714285,6974.785714285715,136.0217069511838,-2,2024,4,18,3,2,0,Thursday
2024-04-21,208,380,343,6745,240,6728.0,6999.0,7271.0,6729.428571428572,6937.214285714285,89.25778610833343,103,2024,4,21,6,2,1,Sunday
2024-04-22,176,424,251,6799,214,6745.0,6912.0,7340.0,6713.285714285715,6898.571428571428,53.9836836020529,37,2024,4,22,0,2,0,Monday
2024-04-23,252,427,307,6967,134,6799.0,6630.0,7346.0,6761.428571428572,6871.5,98.90712334118355,173,2024,4,23,1,2,0,Tuesday
2024-04-24,253,411,307,7128,154,6967.0,6681.0,7317.0,6825.285714285715,6858.0,162.30497454457355,153,2024,4,24,2,2,0,Wednesday
2024-04-25,145,357,333,7209,217,7128.0,6685.0,6982.0,6900.142857142857,6874.214285714285,202.64453983224038,116,2024,4,25,3,2,0,Thursday
2024-04-28,158,349,365,7298,250,7209.0,6725.0,6988.0,6982.0,6896.357142857143,233.48804394803318,115,2024,4,28,6,2,1,Sunday
2024-04-29,140,292,255,7373,187,7298.0,6728.0,7043.0,7074.142857142857,6919.928571428572,243.59558601054894,68,2024,4,29,0,2,0,Monday
2024-04-30,220,443,194,7431,135,7373.0,6745.0,6999.0,7172.142857142857,6950.785714285715,226.50123514856168,59,2024,4,30,1,2,0,Tuesday
2024-05-01,197,437,295,7508,190,7431.0,6799.0,6912.0,7273.428571428572,6993.357142857143,186.89110656824082,105,2024,5,1,2,2,0,Wednesday
2024-05-02,206,411,293,7577,194,7508.0,6967.0,6630.0,7360.571428571428,7061.0,160.5561761948218,99,2024,5,2,3,2,0,Thursday
2024-05-05,150,315,228,7447,332,7577.0,7128.0,6681.0,7406.142857142857,7115.714285714285,124.84180465891117,-104,2024,5,5,6,2,1,Sunday
2024-05-06,173,337,211,7449,205,7447.0,7209.0,6685.0,7440.428571428572,7170.285714285715,89.68065035244247,6,2024,5,6,0,2,0,Monday
2024-05-07,176,334,246,7566,163,7449.0,7298.0,6725.0,7478.714285714285,7230.357142857143,74.69652889251202,83,2024,5,7,1,2,0,Tuesday
2024-05-08,167,374,205,7583,202,7566.0,7373.0,6728.0,7508.714285714285,7291.428571428572,66.92960054109264,3,2024,5,8,2,2,0,Wednesday
2024-05-09,138,285,268,7570,244,7583.0,7431.0,6745.0,7528.571428571428,7350.357142857143,60.32372983305508,24,2024,5,9,3,2,0,Thursday
2024-05-12,138,301,263,7464,245,7570.0,7508.0,6799.0,7522.285714285715,7397.857142857143,64.94026559275116,18,2024,5,12,6,2,1,Sunday
2024-05-13,112,331,167,7499,157,7464.0,7577.0,6967.0,7511.142857142857,7435.857142857143,60.529410403772765,10,2024,5,13,0,2,0,Monday
2024-05-14,246,419,218,7546,186,7499.0,7447.0,7128.0,7525.285714285715,7465.714285714285,54.288471108119154,32,2024,5,14,1,2,0,Tuesday
2024-05-15,115,285,341,7589,265,7546.0,7449.0,7209.0,7545.285714285715,7492.857142857143,46.76791737139164,76,2024,5,15,2,2,0,Wednesday
2024-05-16,206,340,214,7565,234,7589.0,7566.0,7298.0,7545.142857142857,7511.928571428572,46.69556928120063,-20,2024,5,16,3,2,0,Thursday
2024-05-19,143,295,278,7356,298,7565.0,7583.0,7373.0,7512.714285714285,7510.714285714285,81.71436896444186,-20,2024,5,19,6,2,1,Sunday
2024-05-20,111,268,217,7368,192,7356.0,7570.0,7431.0,7483.857142857143,7506.214285714285,93.00076804608312,25,2024,5,20,0,2,0,Monday
2024-05-21,196,348,176,7404,145,7368.0,7464.0,7508.0,7475.285714285715,7498.785714285715,97.77817460246344,31,2024,5,21,1,2,0,Tuesday
2024-05-22,168,349,272,7474,208,7404.0,7499.0,7577.0,7471.714285714285,7491.428571428572,97.22262131446801,64,2024,5,22,2,2,0,Wednesday
2024-05-23,193,272,314,7494,227,7474.0,7546.0,7447.0,7464.285714285715,7494.785714285715,92.47110230727776,87,2024,5,23,3,2,0,Thursday
2024-05-27,156,344,252,7365,167,7494.0,7589.0,7449.0,7432.285714285715,7488.785714285715,80.04314312870697,85,2024,5,27,0,2,0,Monday
2024-05-28,153,348,239,7418,151,7365.0,7565.0,7566.0,7411.285714285715,7478.214285714285,54.689164940803565,88,2024,5,28,1,2,0,Tuesday
2024-05-29,182,462,158,7491,141,7418.0,7356.0,7583.0,7430.571428571428,7471.642857142857,55.73705273547318,17,2024,5,29,2,2,0,Wednesday
2024-05-30,167,406,339,7563,190,7491.0,7368.0,7570.0,7458.428571428572,7471.142857142857,66.87016560198738,149,2024,5,30,3,2,0,Thursday
2024-06-02,159,330,322,7546,306,7563.0,7404.0,7464.0,7478.714285714285,7477.0,69.10792112285793,16,2024,6,2,6,2,1,Sunday
2024-06-03,109,244,257,7596,224,7546.0,7474.0,7499.0,7496.142857142857,7483.928571428572,81.91749624161358,33,2024,6,3,0,2,0,Monday
2024-06-04,260,356,176,7565,203,7596.0,7494.0,7546.0,7506.285714285715,7485.285714285715,85.90637206822008,-27,2024,6,4,1,2,0,Tuesday
2024-06-05,173,345,291,7691,198,7565.0,7365.0,7589.0,7552.857142857143,7492.571428571428,84.9066714526138,93,2024,6,5,2,2,0,Wednesday
2024-06-06,179,326,282,7741,238,7691.0,7418.0,7565.0,7599.0,7505.142857142857,87.14164714237643,44,2024,6,6,3,2,0,Thursday
2024-06-09,116,289,166,7451,312,7741.0,7491.0,7356.0,7593.285714285715,7511.928571428572,96.24052210611596,-146,2024,6,9,6,2,1,Sunday
2024-06-10,184,334,229,7439,212,7451.0,7563.0,7368.0,7575.571428571428,7517.0,112.7413812565668,17,2024,6,10,0,2,0,Monday
2024-06-11,186,352,224,7493,156,7439.0,7546.0,7404.0,7568.0,7523.357142857143,116.76614806249607,68,2024,6,11,1,2,0,Tuesday
2024-06-12,152,266,274,7548,212,7493.0,7596.0,7474.0,7561.142857142857,7528.642857142857,116.25608023022085,62,2024,6,12,2,2,0,Wednesday
2024-06-13,167,293,230,7544,259,7548.0,7565.0,7494.0,7558.142857142857,7532.214285714285,116.41080787665516,-29,2024,6,13,3,2,0,Thursday
2024-06-16,204,315,233,7307,294,7544.0,7691.0,7365.0,7503.285714285715,7528.071428571428,132.7060841179619,-61,2024,6,16,6,2,1,Sunday
2024-06-17,159,310,272,7318,224,7307.0,7741.0,7418.0,7442.857142857143,7520.928571428572,98.25719409027717,48,2024,6,17,0,2,0,Monday
2024-06-18,160,297,253,7340,214,7318.0,7451.0,7491.0,7427.0,7510.142857142857,105.41979573757186,39,2024,6,18,1,2,0,Tuesday
2024-06-19,204,321,246,7433,198,7340.0,7439.0,7563.0,7426.142857142857,7500.857142857143,105.33031942652704,48,2024,6,19,2,2,0,Wednesday
2024-06-20,145,247,243,7431,235,7433.0,7493.0,7546.0,7417.285714285715,7492.642857142857,101.30106002368728,8,2024,6,20,3,2,0,Thursday
2024-06-23,102,227,201,7247,294,7431.0,7548.0,7596.0,7374.285714285715,7467.714285714285,100.44851796777395,-93,2024,6,23,6,2,1,Sunday
2024-06-24,116,175,172,7239,202,7247.0,7544.0,7565.0,7330.714285714285,7444.428571428572,78.26177075636427,-30,2024,6,24,0,2,0,Monday
2024-06-25,172,263,191,7239,202,7239.0,7307.0,7691.0,7321.0,7412.142857142857,85.57452892079996,-11,2024,6,25,1,2,0,Tuesday
2024-06-26,132,235,197,7268,187,7239.0,7318.0,7741.0,7313.857142857143,7378.357142857143,87.92123098068859,10,2024,6,26,2,2,0,Wednesday
2024-06-27,174,208,256,7248,268,7268.0,7340.0,7451.0,7300.714285714285,7363.857142857143,90.20848867256339,-12,2024,6,27,3,2,0,Thursday
2024-06-30,123,230,167,6874,273,7248.0,7433.0,7439.0,7220.857142857143,7323.5,167.71546198991803,-106,2024,6,30,6,2,1,Sunday
2024-07-01,123,233,159,6825,229,6874.0,7431.0,7493.0,7134.285714285715,7275.785714285715,195.29952575958558,-70,2024,7,1,0,3,0,Monday
2024-07-02,141,232,188,6823,184,6825.0,7247.0,7548.0,7073.714285714285,7224.0,218.84676091255764,4,2024,7,2,1,3,0,Tuesday
2024-07-04,158,226,191,6790,225,6823.0,7239.0,7544.0,7009.571428571428,7170.142857142857,227.93921495499245,-34,2024,7,4,3,3,0,Thursday
2024-07-07,96,160,233,6599,213,6790.0,7239.0,7307.0,6918.142857142857,7119.571428571428,248.04396691679653,20,2024,7,7,6,3,1,Sunday
2024-07-08,141,173,129,6617,123,6599.0,7268.0,7318.0,6825.142857142857,7069.5,214.82506726129427,6,2024,7,8,0,3,0,Monday
2024-07-09,116,181,182,6651,130,6617.0,7248.0,7340.0,6739.857142857143,7020.285714285715,113.65214262748607,52,2024,7,9,1,3,0,Tuesday
2024-07-10,150,157,201,6649,177,6651.0,6874.0,7433.0,6707.714285714285,6964.285714285715,100.44022150138134,24,2024,7,10,2,3,0,Wednesday
2024-07-11,80,176,125,6640,197,6649.0,6825.0,7431.0,6681.285714285715,6907.785714285715,88.0051405425436,-72,2024,7,11,3,3,0,Thursday
2024-07-14,116,188,164,6308,237,6640.0,6823.0,7247.0,6607.714285714285,6840.714285714285,145.96770680043753,-73,2024,7,14,6,3,1,Sunday
2024-07-15,105,185,158,6283,171,6308.0,6790.0,7239.0,6535.285714285715,6772.428571428572,164.9896100625052,-13,2024,7,15,0,3,0,Monday
2024-07-16,136,246,123,6239,173,6283.0,6599.0,7239.0,6483.857142857143,6701.0,195.16696148976706,-50,2024,7,16,1,3,0,Tuesday
2024-07-17,128,228,177,6228,187,6239.0,6617.0,7268.0,6428.285714285715,6626.714285714285,206.0175674432709,-10,2024,7,17,2,3,0,Wednesday
2024-07-21,90,196,205,6058,262,6228.0,6651.0,7248.0,6343.571428571428,6541.714285714285,220.58018734152546,-57,2024,7,21,6,3,1,Sunday
2024-07-22,102,189,155,6002,234,6058.0,6649.0,6874.0,6251.142857142857,6479.428571428572,206.36410263692946,-79,2024,7,22,0,3,0,Monday
2024-07-23,120,257,126,5965,170,6002.0,6640.0,6825.0,6154.714285714285,6418.0,142.0653773041575,-44,2024,7,23,1,3,0,Tuesday
2024-07-24,137,272,166,5927,177,5965.0,6308.0,6823.0,6100.285714285715,6354.0,146.46696360808457,-11,2024,7,24,2,3,0,Wednesday
2024-07-25,93,198,208,5954,194,5927.0,6283.0,6790.0,6053.285714285715,6294.285714285715,129.9149905203582,14,2024,7,25,3,3,0,Thursday
2024-07-28,152,290,199,5743,207,5954.0,6239.0,6599.0,5982.428571428572,6233.142857142857,146.00782757881467,-8,2024,7,28,6,3,1,Sunday
2024-07-29,114,210,219,5819,163,5743.0,6228.0,6617.0,5924.0,6176.142857142857,108.33282051159944,56,2024,7,29,0,3,0,Monday
2024-07-30,125,203,208,5930,92,5819.0,6058.0,6651.0,5905.714285714285,6124.642857142857,91.42886904712475,116,2024,7,30,1,3,0,Tuesday
2024-07-31,140,261,163,5963,154,5930.0,6002.0,6649.0,5900.142857142857,6075.642857142857,85.585101062087,9,2024,7,31,2,3,0,Wednesday
2024-08-01,227,298,212,6016,169,5963.0,5965.0,6640.0,5907.428571428572,6031.071428571428,93.80273120197832,43,2024,8,1,3,3,0,Thursday
2024-08-04,63,167,143,5943,170,6016.0,5927.0,6308.0,5909.714285714285,6005.0,94.5510695968216,-27,2024,8,4,6,3,1,Sunday
2024-08-05,172,259,138,5950,150,5943.0,5954.0,6283.0,5909.142857142857,5981.214285714285,94.25042629686664,-12,2024,8,5,0,3,0,Monday
2024-08-06,163,283,200,5998,143,5950.0,5743.0,6239.0,5945.571428571428,5964.0,63.641855050621835,57,2024,8,6,1,3,0,Tuesday
2024-08-07,135,273,207,6038,174,5998.0,5819.0,6228.0,5976.857142857143,5950.428571428572,40.769386273794105,33,2024,8,7,2,3,0,Wednesday
2024-08-08,119,230,213,6084,174,6038.0,5930.0,6058.0,5998.857142857143,5952.285714285715,51.4277116330167,39,2024,8,8,3,3,0,Thursday
2024-08-11,95,211,140,5894,249,6084.0,5963.0,6002.0,5989.0,5944.571428571428,64.41790641324633,-109,2024,8,11,6,3,1,Sunday
2024-08-12,109,219,155,5903,148,5894.0,6016.0,5965.0,5972.857142857143,5940.142857142857,70.4046129440994,7,2024,8,12,0,3,0,Monday
2024-08-13,162,239,189,5981,123,5903.0,5943.0,5927.0,5978.285714285715,5944.0,69.17300602043936,66,2024,8,13,1,3,0,Tuesday
2024-08-14,109,226,191,5987,178,5981.0,5950.0,5954.0,5983.571428571428,5946.357142857143,68.05599935066765,13,2024,8,14,2,3,0,Wednesday
2024-08-15,124,241,156,5895,220,5987.0,5998.0,5743.0,5968.857142857143,5957.214285714285,75.17851770159099,-64,2024,8,15,3,3,0,Thursday
2024-08-18,86,244,235,5821,178,5895.0,6038.0,5819.0,5937.857142857143,5957.357142857143,85.89223591498158,57,2024,8,18,6,3,1,Sunday
2024-08-19,176,254,162,5865,158,5821.0,6084.0,5930.0,5906.571428571428,5952.714285714285,59.67092296602656,4,2024,8,19,0,3,0,Monday
2024-08-20,136,274,245,5995,112,5865.0,5894.0,5963.0,5921.0,5955.0,67.783970573176,133,2024,8,20,1,3,0,Tuesday
2024-08-21,134,245,167,6028,156,5995.0,5903.0,6016.0,5938.857142857143,5955.857142857143,77.95389357696112,11,2024,8,21,2,3,0,Wednesday
2024-08-22,182,307,205,6054,171,6028.0,5981.0,5943.0,5949.285714285715,5963.785714285715,88.67678066196451,34,2024,8,22,3,3,0,Thursday
2024-08-27,149,285,222,6152,97,6054.0,5987.0,5950.0,5972.857142857143,5978.214285714285,117.58887216544673,125,2024,8,27,1,3,0,Tuesday
2024-08-28,170,285,178,6227,134,6152.0,5895.0,5998.0,6020.285714285715,5994.571428571428,144.76614968713295,44,2024,8,28,2,3,0,Wednesday
2024-08-29,145,295,188,6250,169,6227.0,5821.0,6038.0,6081.571428571428,6009.714285714285,136.9341169356713,19,2024,8,29,3,3,0,Thursday
2024-09-02,133,270,198,6192,129,6250.0,5865.0,6084.0,6128.285714285715,6017.428571428572,102.079567471841,69,2024,9,2,0,3,0,Monday
2024-09-03,131,263,177,6272,112,6192.0,5995.0,5894.0,6167.857142857143,6044.428571428572,95.26179467031821,65,2024,9,3,1,3,0,Tuesday
2024-09-04,121,231,219,6375,114,6272.0,6028.0,5903.0,6217.428571428572,6078.142857142857,100.49520244412898,105,2024,9,4,2,3,0,Wednesday
2024-09-05,126,230,175,6448,121,6375.0,6054.0,5981.0,6273.714285714285,6111.5,103.98191234651983,54,2024,9,5,3,3,0,Thursday
2024-09-08,123,255,164,6312,221,6448.0,6152.0,5987.0,6296.571428571428,6134.714285714285,89.31938412771233,-57,2024,9,8,6,3,1,Sunday
2024-09-09,144,275,190,6353,141,6312.0,6227.0,5895.0,6314.571428571428,6167.428571428572,85.58009336845798,49,2024,9,9,0,3,0,Monday
2024-09-10,131,251,180,6396,148,6353.0,6250.0,5821.0,6335.428571428572,6208.5,85.00952327604743,32,2024,9,10,1,3,0,Tuesday
2024-09-11,93,248,175,6410,162,6396.0,6192.0,5865.0,6366.571428571428,6247.428571428572,59.944021505800094,13,2024,9,11,2,3,0,Wednesday
2024-09-12,184,280,210,6360,220,6410.0,6272.0,5995.0,6379.142857142857,6273.5,43.880248295541996,-10,2024,9,12,3,3,0,Thursday
2024-09-13,81,200,212,6326,279,6360.0,6375.0,6028.0,6372.142857142857,6294.785714285715,48.333661739464944,-67,2024,9,13,4,3,0,Friday
2024-09-15,98,220,167,6234,210,6326.0,6448.0,6054.0,6341.571428571428,6307.642857142857,58.88366254138409,-43,2024,9,15,6,3,1,Sunday
2024-09-16,113,209,160,6229,164,6234.0,6312.0,6152.0,6329.714285714285,6313.142857142857,72.59181378484217,-4,2024,9,16,0,3,0,Monday
2024-09-17,159,304,139,6227,160,6229.0,6353.0,6227.0,6311.714285714285,6313.142857142857,80.99118117778646,-21,2024,9,17,1,3,0,Tuesday
2024-09-18,116,213,217,6245,149,6227.0,6396.0,6250.0,6290.142857142857,6312.785714285715,74.66241484493787,68,2024,9,18,2,3,0,Wednesday
2024-09-19,93,196,169,6270,188,6245.0,6410.0,6192.0,6270.142857142857,6318.357142857143,52.73654195284414,-19,2024,9,19,3,3,0,Thursday
2024-09-22,124,234,161,5989,197,6270.0,6360.0,6272.0,6217.142857142857,6298.142857142857,106.45097239485551,-36,2024,9,22,6,3,1,Sunday
2024-09-23,92,203,173,6002,165,5989.0,6326.0,6375.0,6170.857142857143,6271.5,120.7137503510261,8,2024,9,23,0,3,0,Monday
2024-09-24,186,259,172,6023,143,6002.0,6234.0,6448.0,6140.714285714285,6241.142857142857,128.41691774024483,29,2024,9,24,1,3,0,Tuesday
2024-09-25,154,225,220,6050,169,6023.0,6229.0,6312.0,6115.142857142857,6222.428571428572,125.69994506950272,51,2024,9,25,2,3,0,Wednesday
2024-09-26,91,199,172,6090,185,6050.0,6227.0,6353.0,6095.571428571428,6203.642857142857,115.64436453030764,-13,2024,9,26,3,3,0,Thursday
2024-09-29,81,213,153,5925,177,6090.0,6245.0,6396.0,6049.857142857143,6170.0,109.83233975993637,-24,2024,9,29,6,3,1,Sunday
2024-09-30,209,285,184,5967,138,5925.0,6270.0,6410.0,6006.571428571428,6138.357142857143,54.261272693188836,46,2024,9,30,0,3,0,Monday
2024-10-01,184,314,217,6040,137,5967.0,5989.0,6360.0,6013.857142857143,6115.5,54.92852498603809,80,2024,10,1,1,4,0,Tuesday
2024-10-02,107,215,230,6091,173,6040.0,6002.0,6326.0,6026.571428571428,6098.714285714285,61.61941561676363,57,2024,10,2,2,4,0,Wednesday
2024-10-03,101,162,178,6118,193,6091.0,6023.0,6234.0,6040.142857142857,6090.428571428572,70.52051373282846,-15,2024,10,3,3,4,0,Thursday
2024-10-07,99,190,176,5968,153,6118.0,6050.0,6229.0,6028.428571428572,6071.785714285715,75.26144905783309,23,2024,10,7,0,4,0,Monday
2024-10-08,167,239,166,6013,123,5968.0,6090.0,6227.0,6017.428571428572,6056.5,70.22074039022502,43,2024,10,8,1,4,0,Tuesday
2024-10-09,115,216,169,6047,137,6013.0,5925.0,6245.0,6034.857142857143,6042.357142857143,57.432361874428665,32,2024,10,9,2,4,0,Wednesday
2024-10-10,84,158,193,6075,159,6047.0,5967.0,6270.0,6050.285714285715,6028.428571428572,50.21856989106743,34,2024,10,10,3,4,0,Thursday
2024-10-13,130,227,192,5889,210,6075.0,6040.0,5989.0,6028.714285714285,6021.285714285715,79.35303876918557,-18,2024,10,13,6,4,1,Sunday
2024-10-14,88,214,160,5935,106,5889.0,6091.0,6002.0,6006.428571428572,6016.5,80.83699058981587,54,2024,10,14,0,4,0,Monday
2024-10-15,113,208,159,6013,107,5935.0,6118.0,6023.0,5991.428571428572,6015.785714285715,64.8430339174368,52,2024,10,15,1,4,0,Tuesday
2024-10-16,174,285,150,6036,129,6013.0,5968.0,6050.0,6001.142857142857,6014.785714285715,65.83420734801736,21,2024,10,16,2,4,0,Wednesday
2024-10-17,104,230,206,6076,160,6036.0,6013.0,6090.0,6010.142857142857,6013.785714285715,71.76449579800449,46,2024,10,17,3,4,0,Thursday
2024-10-20,147,276,214,5918,195,6076.0,6047.0,5925.0,5991.714285714285,6013.285714285715,77.08807578718152,19,2024,10,20,6,4,1,Sunday
2024-10-21,108,220,213,5966,154,5918.0,6075.0,5967.0,5976.142857142857,6013.214285714285,67.92502869935514,59,2024,10,21,0,4,0,Monday
2024-10-22,180,280,146,6043,109,5966.0,5889.0,6040.0,5998.142857142857,6013.428571428572,59.40097802625001,37,2024,10,22,1,4,0,Tuesday
2024-10-23,134,294,186,6077,138,6043.0,5935.0,6091.0,6018.428571428572,6012.428571428572,58.48320882342806,48,2024,10,23,2,4,0,Wednesday
2024-10-27,202,313,158,5974,192,6077.0,6013.0,6118.0,6012.857142857143,6002.142857142857,60.89452239029225,-34,2024,10,27,6,4,1,Sunday
2024-10-28,110,272,193,6008,156,5974.0,6036.0,5968.0,6008.857142857143,6005.0,60.034513882780644,37,2024,10,28,0,4,0,Monday
2024-10-29,166,277,229,6106,126,6008.0,6076.0,6013.0,6013.142857142857,6011.642857142857,66.36371642050946,103,2024,10,29,1,4,0,Tuesday
2024-10-30,136,276,178,6149,160,6106.0,5918.0,6047.0,6046.142857142857,6018.928571428572,68.56488063974128,18,2024,10,30,2,4,0,Wednesday
2024-10-31,87,246,173,6148,177,6149.0,5966.0,6075.0,6072.142857142857,6024.142857142857,67.61022745962404,-4,2024,10,31,3,4,0,Thursday
2024-11-03,84,171,157,5990,184,6148.0,6043.0,5889.0,6064.571428571428,6031.357142857143,74.07621557750451,-27,2024,11,3,6,4,1,Sunday
2024-11-04,167,209,157,6007,132,5990.0,6077.0,5935.0,6054.571428571428,6036.5,76.79378695106057,25,2024,11,4,0,4,0,Monday
2024-11-05,109,245,159,6045,126,6007.0,5974.0,6013.0,6064.714285714285,6038.785714285715,68.63360276548681,33,2024,11,5,1,4,0,Tuesday
2024-11-06,156,256,176,6086,137,6045.0,6008.0,6036.0,6075.857142857143,6042.357142857143,64.0713887561531,39,2024,11,6,2,4,0,Wednesday
2024-11-07,125,232,192,6084,177,6086.0,6106.0,6076.0,6072.714285714285,6042.928571428572,62.87478107506482,15,2024,11,7,3,4,0,Thursday
2024-11-11,118,139,168,5963,145,6084.0,6149.0,5918.0,6046.142857142857,6046.142857142857,64.54308269527122,23,2024,11,11,0,4,0,Monday
2024-11-12,142,235,139,5975,138,5963.0,6148.0,5966.0,6021.428571428572,6046.785714285715,50.671678950060716,1,2024,11,12,1,4,0,Tuesday
2024-11-13,148,245,175,5966,151,5975.0,5990.0,6043.0,6018.0,6041.285714285715,53.86402633792145,24,2024,11,13,2,4,0,Wednesday
2024-11-14,119,219,210,6025,172,5966.0,6007.0,6077.0,6020.571428571428,6037.571428571428,53.680713926120816,38,2024,11,14,3,4,0,Thursday
2024-11-17,105,210,149,5816,195,6025.0,6045.0,5974.0,5987.857142857143,6026.285714285715,92.24140171568862,-46,2024,11,17,6,4,1,Sunday
2024-11-18,143,203,163,5819,138,5816.0,6086.0,6008.0,5949.714285714285,6012.785714285715,99.78930184094627,25,2024,11,18,0,4,0,Monday
2024-11-19,119,209,152,5844,146,5819.0,6084.0,6106.0,5915.428571428572,5994.071428571428,86.27641072516683,6,2024,11,19,1,4,0,Tuesday
2024-11-20,155,212,181,5879,148,5844.0,5963.0,6149.0,5903.428571428572,5974.785714285715,84.37783504936388,33,2024,11,20,2,4,0,Wednesday
2024-11-21,109,214,173,5850,210,5879.0,5975.0,6148.0,5885.571428571428,5953.5,79.80989316881477,-37,2024,11,21,3,4,0,Thursday
2024-11-24,191,283,192,5664,207,5850.0,5966.0,5990.0,5842.428571428572,5930.214285714285,106.31220867936172,-15,2024,11,24,6,4,1,Sunday
2024-11-25,170,297,196,5715,129,5664.0,6025.0,6007.0,5798.142857142857,5909.357142857143,78.51842367967619,67,2024,11,25,0,4,0,Monday
2024-11-26,152,272,214,5826,112,5715.0,5816.0,6045.0,5799.571428571428,5893.714285714285,78.98703932260446,102,2024,11,26,1,4,0,Tuesday
2024-11-27,239,367,224,5862,211,5826.0,5819.0,6086.0,5805.714285714285,5877.714285714285,82.35029707639025,13,2024,11,27,2,4,0,Wednesday
2024-11-28,113,280,237,5963,143,5862.0,5844.0,6084.0,5822.714285714285,5869.071428571428,101.60333702805455,94,2024,11,28,3,4,0,Thursday
2024-12-01,196,306,187,5986,149,5963.0,5879.0,5963.0,5838.0,5870.714285714285,118.17924239616579,38,2024,12,1,6,4,1,Sunday
2024-12-02,236,330,222,6061,115,5986.0,5850.0,5975.0,5868.142857142857,5876.857142857143,145.50077728477822,107,2024,12,2,0,4,0,Monday
2024-12-03,81,230,242,6192,107,6061.0,5664.0,5966.0,5943.571428571428,5893.0,158.3275688173658,135,2024,12,3,1,4,0,Tuesday
2024-12-04,118,245,160,6269,115,6192.0,5715.0,6025.0,6022.714285714285,5910.428571428572,163.4112544937985,45,2024,12,4,2,4,0,Wednesday
2024-12-05,218,283,208,6310,150,6269.0,5826.0,5816.0,6091.857142857143,5945.714285714285,168.61734644990904,58,2024,12,5,3,4,0,Thursday
2024-12-08,132,243,183,6286,172,6310.0,5862.0,5819.0,6152.428571428572,5979.071428571428,147.0633164579746,11,2024,12,8,6,4,1,Sunday
2024-12-09,224,315,152,6268,174,6286.0,5963.0,5844.0,6196.0,6009.357142857143,125.13326229797111,-22,2024,12,9,0,4,0,Monday
2024-12-10,167,326,213,6310,149,6268.0,5986.0,5879.0,6242.285714285715,6040.142857142857,89.30232226490219,64,2024,12,10,1,4,0,Tuesday
2024-12-11,209,353,232,6402,152,6310.0,6061.0,5850.0,6291.0,6079.571428571428,63.08988297130685,80,2024,12,11,2,4,0,Wednesday
2024-12-12,153,253,286,6481,194,6402.0,6192.0,5664.0,6332.285714285715,6137.928571428572,79.8430007070424,92,2024,12,12,3,4,0,Thursday
2024-12-15,180,337,219,6408,224,6481.0,6269.0,5715.0,6352.142857142857,6187.428571428572,78.75791721350679,-5,2024,12,15,6,4,1,Sunday
2024-12-16,133,287,189,6454,149,6408.0,6310.0,5826.0,6372.714285714285,6232.285714285715,84.51176305839455,40,2024,12,16,0,4,0,Monday
2024-12-17,187,310,247,6506,151,6454.0,6286.0,5862.0,6404.142857142857,6278.285714285715,87.73526195593429,96,2024,12,17,1,4,0,Tuesday
2024-12-18,168,285,210,6598,134,6506.0,6268.0,5963.0,6451.285714285715,6323.642857142857,90.98848697447997,76,2024,12,18,2,4,0,Wednesday
2024-12-19,269,412,204,6600,238,6598.0,6310.0,5986.0,6492.714285714285,6367.5,81.45901686475165,-34,2024,12,19,3,4,0,Thursday
2024-12-22,100,255,236,6595,268,6600.0,6402.0,6061.0,6520.285714285715,6405.642857142857,78.2362113212629,-32,2024,12,22,6,4,1,Sunday
2024-12-23,205,294,177,6548,231,6595.0,6481.0,6192.0,6529.857142857143,6431.071428571428,76.71251217246174,-54,2024,12,23,0,4,0,Monday
2024-12-24,161,304,211,6622,155,6548.0,6408.0,6269.0,6560.428571428572,6456.285714285715,61.1115295801018,56,2024,12,24,1,4,0,Tuesday
2024-12-25,57,162,193,6689,107,6622.0,6454.0,6310.0,6594.0,6483.357142857143,57.332364332902436,86,2024,12,25,2,4,0,Wednesday
2024-12-26,80,122,152,6707,135,6689.0,6506.0,6286.0,6622.714285714285,6513.428571428572,56.2367444698938,17,2024,12,26,3,4,0,Thursday
2024-12-29,107,170,133,6465,216,6707.0,6598.0,6268.0,6603.714285714285,6527.5,82.37255668752053,-83,2024,12,29,6,4,1,Sunday
2024-12-30,99,156,139,6454,177,6465.0,6600.0,6310.0,6582.857142857143,6537.785714285715,100.05569877395051,-38,2024,12,30,0,4,0,Monday
2025-01-01,25,66,94,6405,144,6454.0,6595.0,6402.0,6555.714285714285,6538.0,119.99682535483466,-50,2025,1,1,2,1,0,Wednesday
2025-01-02,35,70,53,6292,170,6405.0,6548.0,6481.0,6519.142857142857,6524.5,156.2683893940486,-117,2025,1,2,3,1,0,Thursday
2025-01-05,43,73,64,5882,185,6292.0,6622.0,6408.0,6413.428571428572,6486.928571428572,277.9873241371852,-121,2025,1,5,6,1,1,Sunday
2025-01-06,41,60,71,5769,190,5882.0,6689.0,6454.0,6282.0,6438.0,337.1686027296525,-119,2025,1,6,0,1,0,Monday
2025-01-07,65,83,65,5703,133,5769.0,6707.0,6506.0,6138.571428571428,6380.642857142857,339.7817226509071,-68,2025,1,7,1,1,0,Tuesday
2025-01-08,38,80,82,5605,184,5703.0,6465.0,6598.0,6015.714285714285,6309.714285714285,357.11702763739754,-102,2025,1,8,2,1,0,Wednesday
2025-01-09,56,82,68,5507,164,5605.0,6454.0,6600.0,5880.428571428572,6231.642857142857,342.4849666495598,-96,2025,1,9,3,1,0,Thursday
2025-01-12,74,103,80,5092,235,5507.0,6405.0,6595.0,5692.857142857143,6124.285714285715,366.0461849600492,-155,2025,1,12,6,1,1,Sunday
2025-01-13,68,107,102,5019,181,5092.0,6292.0,6548.0,5511.0,6015.071428571428,333.5530942243873,-79,2025,1,13,0,1,0,Monday
2025-01-14,92,124,93,4957,139,5019.0,5882.0,6622.0,5378.857142857143,5896.142857142857,345.1059878604521,-46,2025,1,14,1,1,0,Tuesday
2025-01-15,113,162,107,4903,164,4957.0,5769.0,6689.0,5255.142857142857,5768.571428571428,337.0659819537876,-57,2025,1,15,2,1,0,Wednesday
2025-01-16,106,196,131,4881,159,4903.0,5703.0,6707.0,5137.714285714285,5638.142857142857,295.6804098378836,-28,2025,1,16,3,1,0,Thursday
2025-01-19,86,152,168,4628,176,4881.0,5605.0,6465.0,4998.142857142857,5506.928571428572,267.5982240669817,-8,2025,1,19,6,1,1,Sunday
2025-01-20,84,118,136,4638,127,4628.0,5507.0,6454.0,4874.0,5377.214285714285,179.13681921925547,9,2025,1,20,0,1,0,Monday
2025-01-21,59,64,117,4728,54,4638.0,5092.0,6405.0,4822.0,5257.428571428572,156.73969928937981,63,2025,1,21,1,1,0,Tuesday
2025-01-22,62,97,52,4717,83,4728.0,5019.0,6292.0,4778.857142857143,5144.928571428572,133.285943959348,-31,2025,1,22,2,1,0,Wednesday
2025-01-23,91,75,97,4621,174,4717.0,4957.0,5882.0,4730.857142857143,5054.857142857143,118.07261688102878,-77,2025,1,23,3,1,0,Thursday
2025-01-26,29,51,11,4241,182,4621.0,4903.0,5769.0,4636.285714285715,4945.714285714285,196.3701558160734,-171,2025,1,26,6,1,1,Sunday
2025-01-27,33,53,34,4161,127,4241.0,4881.0,5703.0,4533.428571428572,4835.571428571428,232.13563358722556,-93,2025,1,27,0,1,0,Monday
2025-01-28,32,49,39,4096,101,4161.0,4628.0,5605.0,4457.428571428572,4727.785714285715,278.47492834055186,-62,2025,1,28,1,1,0,Tuesday
2025-01-29,32,50,39,4036,99,4096.0,4638.0,5507.0,4371.428571428572,4622.714285714285,305.0993593038312,-60,2025,1,29,2,1,0,Wednesday
2025-01-30,47,42,47,3923,159,4036.0,4728.0,5092.0,4256.428571428572,4539.214285714285,299.9676966735046,-112,2025,1,30,3,1,0,Thursday
2025-02-02,20,22,41,3483,168,3923.0,4717.0,5019.0,4080.1428571428573,4429.5,343.611422283656,-127,2025,2,2,6,1,1,Sunday
2025-02-03,23,45,11,3403,102,3483.0,4621.0,4957.0,3906.1428571428573,4318.5,332.2842300257352,-91,2025,2,3,0,1,0,Monday
2025-02-04,34,54,29,3359,74,3403.0,4241.0,4903.0,3780.1428571428573,4208.214285714285,350.8515491255452,-45,2025,2,4,1,1,0,Tuesday
2025-02-05,26,36,36,3290,104,3359.0,4161.0,4881.0,3655.714285714286,4094.5714285714284,347.7047187320815,-68,2025,2,5,2,1,0,Wednesday
2025-02-06,25,32,27,3181,145,3290.0,4096.0,4628.0,3525.0,3991.214285714286,325.90642828883216,-118,2025,2,6,3,1,0,Thursday
2025-02-09,15,13,23,2878,99,3181.0,4036.0,4638.0,3359.5714285714284,3865.5,317.07299745369113,-76,2025,2,9,6,1,1,Sunday
2025-02-10,16,18,15,2834,63,2878.0,3923.0,4728.0,3204.0,3730.214285714286,255.7889755247122,-48,2025,2,10,0,1,0,Monday
2025-02-11,11,22,12,2799,50,2834.0,3483.0,4717.0,3106.285714285714,3593.214285714286,262.0163571774723,-38,2025,2,11,1,1,0,Tuesday
2025-02-12,16,20,20,2752,66,2799.0,3403.0,4621.0,3013.285714285714,3459.714285714286,254.57527654615683,-46,2025,2,12,2,1,0,Wednesday
2025-02-13,15,10,23,2703,72,2752.0,3359.0,4241.0,2919.5714285714284,3349.8571428571427,225.14207154801755,-49,2025,2,13,3,1,0,Thursday
2025-02-17,8,17,14,2532,15,2703.0,3290.0,4161.0,2811.285714285714,3233.5,197.92567147429625,-1,2025,2,17,0,1,0,Monday
2025-02-18,18,19,11,2536,9,2532.0,3181.0,4096.0,2719.1428571428573,3122.0714285714284,138.26837258433997,2,2025,2,18,1,1,0,Tuesday
2025-02-19,12,17,17,2528,19,2536.0,2878.0,4036.0,2669.1428571428573,3014.3571428571427,134.479773660533,-2,2025,2,19,2,1,0,Wednesday
2025-02-20,13,25,15,2520,32,2528.0,2834.0,3923.0,2624.285714285714,2914.1428571428573,122.12659318053183,-17,2025,2,20,3,1,0,Thursday
2025-02-23,7,16,8,2423,35,2520.0,2799.0,3483.0,2570.5714285714284,2838.4285714285716,114.9519568381956,-27,2025,2,23,6,1,1,Sunday
2025-02-24,20,22,14,2413,24,2423.0,2752.0,3403.0,2522.1428571428573,2767.714285714286,95.55003675450467,-10,2025,2,24,0,1,0,Monday
2025-02-25,11,7,7,2413,23,2413.0,2703.0,3359.0,2480.714285714286,2700.1428571428573,60.50816552512122,-16,2025,2,25,1,1,0,Tuesday
2025-02-26,12,21,1,2411,23,2413.0,2532.0,3290.0,2463.4285714285716,2637.3571428571427,60.69831722760492,-22,2025,2,26,2,1,0,Wednesday
2025-02-27,10,15,17,2391,37,2411.0,2536.0,3181.0,2442.714285714286,2580.9285714285716,56.39359977174001,-20,2025,2,27,3,1,0,Thursday
2025-03-02,12,24,4,2297,31,2391.0,2528.0,2878.0,2409.714285714286,2539.4285714285716,65.08638947748564,-27,2025,3,2,6,1,1,Sunday
2025-03-03,8,29,18,2287,25,2297.0,2520.0,2834.0,2376.4285714285716,2500.3571428571427,58.53448312116831,-7,2025,3,3,0,1,0,Monday
2025-03-04,4,25,10,2272,30,2287.0,2423.0,2799.0,2354.8571428571427,2462.714285714286,65.87470068586777,-20,2025,3,4,1,1,0,Tuesday
2025-03-05,5,20,4,2238,40,2272.0,2413.0,2752.0,2329.8571428571427,2426.0,72.95758715709992,-36,2025,3,5,2,1,0,Wednesday
2025-03-06,7,27,6,2218,33,2238.0,2413.0,2703.0,2302.0,2391.3571428571427,73.14825128902791,-27,2025,3,6,3,1,0,Thursday
2025-03-09,12,25,15,2137,30,2218.0,2411.0,2532.0,2262.8571428571427,2363.1428571428573,78.23347231493688,-15,2025,3,9,6,1,1,Sunday
2025-03-10,6,28,8,2125,23,2137.0,2391.0,2536.0,2224.8571428571427,2333.785714285714,69.76013324565606,-15,2025,3,10,0,1,0,Monday
2025-03-11,3,11,7,2116,20,2125.0,2297.0,2528.0,2199.0,2304.3571428571427,72.06941098673762,-13,2025,3,11,1,1,0,Tuesday
2025-03-12,6,18,2,2113,8,2116.0,2287.0,2520.0,2174.1428571428573,2275.285714285714,66.44654134804881,-6,2025,3,12,2,1,0,Wednesday
2025-03-13,4,20,9,2116,6,2113.0,2272.0,2423.0,2151.8571428571427,2253.3571428571427,52.94471510092186,3,2025,3,13,3,1,0,Thursday
2025-03-16,1,9,8,2117,5,2116.0,2238.0,2413.0,2134.5714285714284,2232.214285714286,37.68667820676826,3,2025,3,16,6,1,1,Sunday
2025-03-17,5,14,0,2111,8,2117.0,2218.0,2413.0,2119.285714285714,2210.6428571428573,8.957571948511832,-8,2025,3,17,0,1,0,Monday
2025-03-18,19,34,6,2109,8,2111.0,2137.0,2411.0,2115.285714285714,2189.0714285714284,5.186980034606052,-2,2025,3,18,1,1,0,Tuesday
2025-03-19,6,22,14,2119,9,2109.0,2125.0,2391.0,2114.4285714285716,2169.6428571428573,3.552329882440656,5,2025,3,19,2,1,0,Wednesday
2025-03-20,9,20,11,2124,7,2119.0,2116.0,2297.0,2115.5714285714284,2157.285714285714,5.09434793933647,4,2025,3,20,3,1,0,Thursday
2025-03-23,15,29,9,2136,2,2124.0,2113.0,2287.0,2118.8571428571427,2146.5,9.044861733834644,7,2025,3,23,6,1,1,Sunday
2025-03-24,7,13,11,2139,7,2136.0,2116.0,2272.0,2122.1428571428573,2137.0,11.639423974186858,4,2025,3,24,0,1,0,Monday
2025-03-25,12,19,7,2145,6,2139.0,2117.0,2238.0,2126.1428571428573,2130.3571428571427,14.123604017774793,1,2025,3,25,1,1,0,Tuesday
2025-03-26,9,21,15,2159,2,2145.0,2111.0,2218.0,2133.0,2126.1428571428573,16.92138686125025,13,2025,3,26,2,1,0,Wednesday
2025-03-27,1,19,13,2159,2,2159.0,2109.0,2137.0,2140.1428571428573,2127.714285714286,15.60372360851712,11,2025,3,27,3,1,0,Thursday
2025-03-30,9,20,5,2188,2,2159.0,2119.0,2125.0,2150.0,2132.214285714286,20.91251618787641,3,2025,3,30,6,1,1,Sunday
2025-03-31,9,25,8,2193,5,2188.0,2124.0,2116.0,2159.8571428571427,2137.714285714286,22.79202032403227,3,2025,3,31,0,1,0,Monday
2025-04-01,17,36,7,2191,12,2193.0,2136.0,2113.0,2167.714285714286,2143.285714285714,22.676818454382854,-5,2025,4,1,1,2,0,Tuesday
2025-04-02,5,31,16,2208,3,2191.0,2139.0,2116.0,2177.5714285714284,2149.8571428571427,23.107409654207476,13,2025,4,2,2,2,0,Wednesday
2025-04-03,12,26,18,2223,8,2208.0,2145.0,2117.0,2188.714285714286,2157.4285714285716,23.584700447813972,10,2025,4,3,3,2,0,Thursday
2025-04-06,7,14,7,2234,11,2223.0,2159.0,2111.0,2199.4285714285716,2166.214285714286,24.838526142415233,-4,2025,4,6,6,2,1,Sunday
2025-04-07,12,22,9,2237,5,2234.0,2159.0,2109.0,2210.5714285714284,2175.3571428571427,20.85551200348454,4,2025,4,7,0,2,0,Monday
2025-04-08,12,34,12,2243,9,2237.0,2188.0,2119.0,2218.4285714285716,2184.214285714286,21.290507609280873,3,2025,4,8,1,2,0,Tuesday
2025-04-09,6,19,10,2251,5,2243.0,2193.0,2124.0,2226.714285714286,2193.285714285714,21.02945779646381,5,2025,4,9,2,2,0,Wednesday
2025-04-10,18,25,17,2265,6,2251.0,2191.0,2136.0,2237.285714285714,2202.5,18.535679878186787,11,2025,4,10,3,2,0,Thursday
2025-04-11,8,22,8,2267,9,2265.0,2208.0,2139.0,2245.714285714286,2211.6428571428573,16.2758951176265,-1,2025,4,11,4,2,0,Friday
2025-04-13,5,26,10,2283,3,2267.0,2223.0,2145.0,2254.285714285714,2221.5,18.025114753587594,7,2025,4,13,6,2,1,Sunday
2025-04-14,5,26,9,2282,13,2283.0,2234.0,2159.0,2261.1428571428573,2230.285714285714,18.151479015535998,-4,2025,4,14,0,2,0,Monday
2025-04-15,4,19,12,2286,7,2282.0,2237.0,2159.0,2268.1428571428573,2239.3571428571427,16.677615450600857,5,2025,4,15,1,2,0,Tuesday
2025-04-16,11,30,5,2291,8,2286.0,2243.0,2188.0,2275.0,2246.714285714286,14.317821062412861,-3,2025,4,16,2,2,0,Wednesday
2025-04-17,7,26,10,2288,14,2291.0,2251.0,2193.0,2280.285714285714,2253.5,10.226017237747413,-4,2025,4,17,3,2,0,Thursday
2025-04-20,4,15,6,2305,4,2288.0,2265.0,2191.0,2286.0,2261.6428571428573,11.372481405068092,2,2025,4,20,6,2,1,Sunday
2025-04-21,10,25,5,2308,6,2305.0,2267.0,2208.0,2291.8571428571427,2268.785714285714,10.47900395003348,-1,2025,4,21,0,2,0,Monday
2025-04-22,7,19,14,2305,17,2308.0,2283.0,2223.0,2295.0,2274.6428571428573,10.677078250874528,-3,2025,4,22,1,2,0,Tuesday
2025-04-23,3,23,4,2300,11,2305.0,2282.0,2234.0,2297.5714285714284,2279.3571428571427,9.071147350860041,-7,2025,4,23,2,2,0,Wednesday
2025-04-24,3,9,7,2294,13,2300.0,2286.0,2237.0,2298.714285714286,2283.4285714285716,7.782764839485451,-6,2025,4,24,3,2,0,Thursday
2025-04-27,9,40,12,2301,4,2294.0,2291.0,2243.0,2300.1428571428573,2287.5714285714284,7.010196653315958,8,2025,4,27,6,2,1,Sunday
2025-04-28,6,26,12,2307,8,2301.0,2288.0,2251.0,2302.8571428571427,2291.5714285714284,4.879500362212589,4,2025,4,28,0,2,0,Monday
2025-04-29,11,25,11,2304,15,2307.0,2305.0,2265.0,2302.714285714286,2294.3571428571427,4.820590753569943,-4,2025,4,29,1,2,0,Tuesday
2025-04-30,7,34,9,2309,12,2304.0,2308.0,2267.0,2302.8571428571427,2297.3571428571427,5.0142653617620345,-3,2025,4,30,2,2,0,Wednesday
2025-05-01,13,32,14,2306,16,2309.0,2305.0,2283.0,2303.0,2299.0,5.099019511171725,-2,2025,5,1,3,2,0,Thursday
2025-05-04,9,31,10,2335,5,2306.0,2300.0,2282.0,2308.0,2302.785714285714,12.884098725767627,5,2025,5,4,6,2,1,Sunday
2025-05-05,15,44,20,2331,17,2335.0,2294.0,2286.0,2313.285714285714,2306.0,13.744262871471367,3,2025,5,5,0,2,0,Monday
2025-05-06,10,33,16,2339,16,2331.0,2301.0,2291.0,2318.714285714286,2309.4285714285716,15.478095120097647,0,2025,5,6,1,2,0,Tuesday
2025-05-07,10,30,15,2335,10,2339.0,2307.0,2288.0,2322.714285714286,2312.785714285714,15.563999974732376,5,2025,5,7,2,2,0,Wednesday
2025-05-08,15,24,16,2361,11,2335.0,2304.0,2305.0,2330.8571428571427,2316.785714285714,18.729909871244054,5,2025,5,8,3,2,0,Thursday
2025-05-11,15,20,12,2385,3,2361.0,2309.0,2308.0,2341.714285714286,2322.285714285714,24.944700744116737,9,2025,5,11,6,2,1,Sunday
2025-05-12,7,33,14,2392,7,2385.0,2306.0,2305.0,2354.0,2328.5,25.592967783660665,7,2025,5,12,0,2,0,Monday
2025-05-13,18,29,12,2394,11,2392.0,2335.0,2300.0,2362.4285714285716,2335.214285714286,27.903746121167565,1,2025,5,13,1,2,0,Tuesday
2025-05-14,7,30,14,2394,11,2394.0,2331.0,2294.0,2371.4285714285716,2342.3571428571427,26.18432828228766,3,2025,5,14,2,2,0,Wednesday
2025-05-15,15,31,14,2410,14,2394.0,2339.0,2301.0,2381.5714285714284,2350.1428571428573,25.26431701553238,0,2025,5,15,3,2,0,Thursday
2025-05-18,13,28,14,2437,9,2410.0,2335.0,2307.0,2396.1428571428573,2359.4285714285716,23.262477450145404,5,2025,5,18,6,2,1,Sunday
2025-05-19,7,27,17,2457,6,2437.0,2361.0,2304.0,2409.8571428571427,2370.3571428571427,27.07661088686274,11,2025,5,19,0,2,0,Monday
2025-05-21,14,62,13,2467,18,2457.0,2385.0,2309.0,2421.5714285714284,2381.6428571428573,31.84785258477364,-5,2025,5,21,2,2,0,Wednesday
2025-05-22,18,36,17,2473,15,2467.0,2392.0,2306.0,2433.1428571428573,2393.5714285714284,33.95795719884602,2,2025,5,22,3,2,0,Thursday
2025-05-27,6,24,7,2504,11,2473.0,2394.0,2335.0,2448.8571428571427,2405.6428571428573,38.03256749750207,-4,2025,5,27,1,2,0,Tuesday
2025-05-28,12,39,12,2499,14,2504.0,2394.0,2331.0,2463.8571428571427,2417.6428571428573,33.18849485065729,-2,2025,5,28,2,2,0,Wednesday
2025-05-29,13,38,15,2506,11,2499.0,2410.0,2339.0,2477.5714285714284,2429.5714285714284,26.35562648838025,4,2025,5,29,3,2,0,Thursday
2025-06-01,8,24,16,2528,12,2506.0,2437.0,2335.0,2490.5714285714284,2443.3571428571427,25.43525861728927,4,2025,6,1,6,2,1,Sunday
2025-06-02,10,19,5,2518,16,2528.0,2457.0,2361.0,2499.285714285714,2454.5714285714284,22.26891918977653,-11,2025,6,2,0,2,0,Monday
2025-06-03,5,23,11,2519,15,2518.0,2467.0,2385.0,2506.714285714286,2464.1428571428573,17.960273621175357,-4,2025,6,3,1,2,0,Tuesday
2025-06-04,4,16,9,2516,16,2519.0,2473.0,2392.0,2512.8571428571427,2473.0,10.172324731951344,-7,2025,6,4,2,2,0,Wednesday
2025-06-05,8,26,5,2503,21,2516.0,2504.0,2394.0,2512.714285714286,2480.785714285714,10.323343864635483,-16,2025,6,5,3,2,0,Thursday
2025-06-08,10,16,15,2507,13,2503.0,2499.0,2394.0,2513.8571428571427,2488.8571428571427,8.896227128335875,2,2025,6,8,6,2,1,Sunday
2025-06-09,8,21,14,2516,9,2507.0,2506.0,2410.0,2515.285714285714,2496.4285714285716,8.199883853700692,5,2025,6,9,0,2,0,Monday
2025-06-10,17,28,7,2511,12,2516.0,2528.0,2437.0,2512.8571428571427,2501.714285714286,6.039552173155635,-5,2025,6,10,1,2,0,Tuesday
2025-06-17,7,24,10,2523,14,2511.0,2518.0,2457.0,2513.5714285714284,2506.4285714285716,6.972736019320384,-4,2025,6,17,1,2,0,Tuesday
2025-06-19,8,19,7,2501,18,2523.0,2519.0,2467.0,2511.0,2508.8571428571427,7.895146186702814,-11,2025,6,19,3,2,0,Thursday
2025-06-22,7,13,5,2508,7,2501.0,2516.0,2473.0,2509.8571428571427,2511.3571428571427,7.625146367049573,-2,2025,6,22,6,2,1,Sunday
2025-06-23,3,15,5,2495,17,2508.0,2503.0,2504.0,2508.714285714286,2510.714285714286,9.250482611599093,-12,2025,6,23,0,2,0,Monday
2025-06-24,5,20,5,2489,16,2495.0,2507.0,2499.0,2506.1428571428573,2510.0,11.922367932542544,-11,2025,6,24,1,2,0,Tuesday
2025-06-25,6,12,2,2470,24,2489.0,2516.0,2506.0,2499.5714285714284,2507.4285714285716,17.125586537744006,-22,2025,6,25,2,2,0,Wednesday
2025-06-26,3,9,7,2447,35,2470.0,2511.0,2528.0,2490.4285714285716,2501.6428571428573,25.19164638516255,-28,2025,6,26,3,2,0,Thursday
2025-06-29,5,17,7,2413,20,2447.0,2523.0,2518.0,2474.714285714286,2494.1428571428573,34.18924921493244,-13,2025,6,29,6,2,1,Sunday
2025-06-30,9,22,8,2407,16,2413.0,2501.0,2519.0,2461.285714285714,2486.1428571428573,40.094531155101365,-8,2025,6,30,0,2,0,Monday
2025-07-01,7,14,6,2391,22,2407.0,2508.0,2516.0,2444.5714285714284,2477.214285714286,41.7287157034775,-16,2025,7,1,1,3,0,Tuesday
2025-07-02,8,20,9,2373,38,2391.0,2495.0,2503.0,2427.1428571428573,2467.9285714285716,42.624048655488316,-29,2025,7,2,2,3,0,Wednesday
2025-07-06,4,17,2,2332,8,2373.0,2489.0,2507.0,2404.714285714286,2455.4285714285716,45.83562764794037,-6,2025,7,6,6,3,1,Sunday
2025-07-07,3,18,8,2317,20,2332.0,2470.0,2516.0,2382.8571428571427,2441.214285714286,45.99430606555569,-12,2025,7,7,0,3,0,Monday
2025-07-08,5,16,8,2306,20,2317.0,2447.0,2511.0,2362.714285714286,2426.5714285714284,44.05570067403906,-12,2025,7,8,1,3,0,Tuesday
2025-07-09,2,18,0,2281,32,2306.0,2413.0,2523.0,2343.8571428571427,2409.285714285714,47.090085904061496,-32,2025,7,9,2,3,0,Wednesday
2025-07-10,2,12,3,2252,39,2281.0,2407.0,2501.0,2321.714285714286,2391.5,48.85937059780572,-36,2025,7,10,3,3,0,Thursday
2025-07-13,1,13,4,2204,10,2252.0,2391.0,2508.0,2295.0,2369.785714285714,55.353410012171295,-6,2025,7,13,6,3,1,Sunday
2025-07-14,2,9,1,2181,26,2204.0,2373.0,2495.0,2267.5714285714284,2347.3571428571427,57.777899877558404,-25,2025,7,14,0,3,0,Monday
2025-07-15,0,8,5,2171,17,2181.0,2332.0,2489.0,2244.5714285714284,2324.6428571428573,59.863336422174285,-12,2025,7,15,1,3,0,Tuesday
2025-07-16,1,9,0,2164,11,2171.0,2317.0,2470.0,2222.714285714286,2302.785714285714,56.86743146898804,-11,2025,7,16,2,3,0,Wednesday
2025-07-17,3,16,2,2153,17,2164.0,2306.0,2447.0,2200.8571428571427,2281.785714285714,48.27500585656501,-15,2025,7,17,3,3,0,Thursday
2025-07-21,4,18,7,2121,16,2153.0,2281.0,2413.0,2178.0,2260.9285714285716,41.39243086976682,-9,2025,7,21,0,3,0,Monday
2025-07-22,5,13,3,2117,16,2121.0,2252.0,2407.0,2158.714285714286,2240.214285714286,31.4150403768605,-13,2025,7,22,1,3,0,Tuesday
2025-07-23,6,21,5,2111,14,2117.0,2204.0,2391.0,2145.4285714285716,2220.214285714286,28.611519491177116,-9,2025,7,23,2,3,0,Wednesday
2025-07-24,6,18,7,2096,29,2111.0,2181.0,2373.0,2133.285714285714,2200.4285714285716,29.032822148039244,-22,2025,7,24,3,3,0,Thursday
2025-07-27,1,12,2,2088,4,2096.0,2171.0,2332.0,2121.4285714285716,2183.0,27.99319645188668,-2,2025,7,27,6,3,1,Sunday
2025-07-28,2,9,3,2080,14,2088.0,2164.0,2317.0,2109.4285714285716,2166.0714285714284,24.48712003470134,-11,2025,7,28,0,3,0,Monday
2025-07-29,2,8,3,2072,12,2080.0,2153.0,2306.0,2097.8571428571427,2149.3571428571427,18.986210534252738,-9,2025,7,29,1,3,0,Tuesday
2025-07-30,4,15,4,2063,16,2072.0,2121.0,2281.0,2089.5714285714284,2133.785714285714,19.839834868108078,-12,2025,7,30,2,3,0,Wednesday
2025-07-31,2,9,6,2058,15,2063.0,2117.0,2252.0,2081.1428571428573,2119.9285714285716,18.74769827074538,-9,2025,7,31,3,3,0,Thursday
2025-08-03,5,26,3,2049,5,2058.0,2111.0,2204.0,2072.285714285714,2108.8571428571427,16.839579227109922,-2,2025,8,3,6,3,1,Sunday
2025-08-04,5,22,11,2040,14,2049.0,2096.0,2181.0,2064.285714285714,2098.785714285714,16.997198647995226,-3,2025,8,4,0,3,0,Monday
2025-08-05,2,21,10,2042,14,2040.0,2088.0,2171.0,2057.714285714286,2089.5714285714284,15.085470776414287,-4,2025,8,5,1,3,0,Tuesday
2025-08-06,4,17,3,2036,13,2042.0,2080.0,2164.0,2051.4285714285716,2080.4285714285716,13.314868165337238,-10,2025,8,6,2,3,0,Wednesday
2025-08-07,4,18,6,2031,17,2036.0,2072.0,2153.0,2045.5714285714287,2071.714285714286,11.67414726051918,-11,2025,8,7,3,3,0,Thursday
2025-08-10,0,18,8,2006,12,2031.0,2063.0,2121.0,2037.4285714285713,2063.5,16.409927308195343,-4,2025,8,10,6,3,1,Sunday
2025-08-11,6,23,4,1999,16,2006.0,2058.0,2117.0,2029.0,2055.0714285714284,19.02629758977049,-12,2025,8,11,0,3,0,Monday
2025-08-12,8,38,9,1999,9,1999.0,2049.0,2111.0,2021.857142857143,2047.0714285714287,19.642034614163563,0,2025,8,12,1,3,0,Tuesday
2025-08-13,6,22,12,1997,17,1999.0,2040.0,2096.0,2015.7142857142858,2040.0,19.746006226050167,-5,2025,8,13,2,3,0,Wednesday
2025-08-14,3,27,4,1994,11,1997.0,2042.0,2088.0,2008.857142857143,2033.2857142857142,17.276463482165898,-7,2025,8,14,3,3,0,Thursday
2025-08-17,4,14,2,1991,3,1994.0,2036.0,2080.0,2002.4285714285713,2026.9285714285713,13.439458604923102,-1,2025,8,17,6,3,1,Sunday
2025-08-18,4,20,6,1985,14,1991.0,2031.0,2072.0,1995.857142857143,2020.7142857142858,6.693991618151977,-8,2025,8,18,0,3,0,Monday
2025-08-19,5,35,3,1980,11,1985.0,2006.0,2063.0,1992.142857142857,2014.7857142857142,7.312741650745014,-8,2025,8,19,1,3,0,Tuesday
2025-08-20,10,38,10,1983,10,1980.0,1999.0,2058.0,1989.857142857143,2009.4285714285713,7.3127416507444405,0,2025,8,20,2,3,0,Wednesday
2025-08-21,6,49,8,1972,21,1983.0,1999.0,2049.0,1986.0,2003.9285714285713,8.679477709382112,-13,2025,8,21,3,3,0,Thursday
2025-08-24,4,21,5,1981,5,1972.0,1997.0,2040.0,1983.7142857142858,1999.7142857142858,7.296444011462984,0,2025,8,24,6,3,1,Sunday
2025-08-25,8,30,8,1980,11,1981.0,1994.0,2042.0,1981.7142857142858,1995.2857142857142,5.7652489289193625,-3,2025,8,25,0,3,0,Monday
2025-08-26,10,21,20,1989,15,1980.0,1991.0,2036.0,1981.4285714285713,1991.9285714285713,5.255382725678216,5,2025,8,26,1,3,0,Tuesday
2025-08-27,5,19,9,1988,19,1989.0,1985.0,2031.0,1981.857142857143,1988.857142857143,5.698788507261991,-10,2025,8,27,2,3,0,Wednesday
2025-08-28,8,33,6,1984,17,1988.0,1980.0,2006.0,1982.4285714285713,1987.2857142857142,5.682051940982867,-11,2025,8,28,3,3,0,Thursday
2025-09-01,10,29,17,2010,5,1984.0,1983.0,1999.0,1986.2857142857142,1988.0714285714287,11.898379240289591,12,2025,9,1,0,3,0,Monday
2025-09-02,6,35,9,2020,9,2010.0,1972.0,1999.0,1993.142857142857,1989.5714285714287,15.56094011032772,0,2025,9,2,1,3,0,Tuesday
2025-09-03,4,29,11,2019,10,2020.0,1981.0,1997.0,1998.5714285714287,1991.142857142857,17.164470501399485,1,2025,9,3,2,3,0,Wednesday
2025-09-04,11,40,2,2015,14,2019.0,1980.0,1994.0,2003.5714285714287,1992.642857142857,15.904476757402659,-12,2025,9,4,3,3,0,Thursday
2025-09-07,4,19,9,2026,7,2015.0,1989.0,1991.0,2008.857142857143,1995.142857142857,16.395411668632136,2,2025,9,7,6,3,1,Sunday
2025-09-08,7,25,5,2025,6,2026.0,1988.0,1985.0,2014.142857142857,1998.0,14.392458341689405,-1,2025,9,8,0,3,0,Monday
2025-09-09,18,42,11,2023,14,2025.0,1984.0,1980.0,2019.7142857142858,2001.0714285714287,5.707138385026979,-3,2025,9,9,1,3,0,Tuesday
2025-09-10,10,47,14,2025,18,2023.0,2010.0,1983.0,2021.857142857143,2004.0714285714287,4.017817456938676,-4,2025,9,10,2,3,0,Wednesday
2025-09-11,12,38,29,2047,6,2025.0,2020.0,1972.0,2025.7142857142858,2009.4285714285713,10.177004890725978,23,2025,9,11,3,3,0,Thursday
2025-09-14,7,39,13,2083,5,2047.0,2019.0,1981.0,2034.857142857143,2016.7142857142858,23.355431711930326,8,2025,9,14,6,3,1,Sunday
2025-09-15,9,47,10,2086,10,2083.0,2015.0,1980.0,2045.0,2024.2857142857142,28.207563996934194,0,2025,9,15,0,3,0,Monday
2025-09-16,7,28,17,2095,12,2086.0,2026.0,1989.0,2054.8571428571427,2031.857142857143,32.23056815794624,5,2025,9,16,1,3,0,Tuesday
2025-09-17,7,38,5,2096,13,2095.0,2025.0,1988.0,2065.0,2039.5714285714287,32.439687626545535,-8,2025,9,17,2,3,0,Wednesday
2025-09-18,20,52,11,2096,14,2096.0,2023.0,1984.0,2075.4285714285716,2047.5714285714287,28.13572546769651,-3,2025,9,18,3,3,0,Thursday
2025-09-21,8,35,13,2134,5,2096.0,2025.0,2010.0,2091.0,2056.4285714285716,25.62550812454708,8,2025,9,21,6,3,1,Sunday
2025-09-22,17,40,14,2141,10,2134.0,2047.0,2020.0,2104.4285714285716,2065.0714285714284,23.244046856351975,4,2025,9,22,0,3,0,Monday
2025-09-23,11,36,10,2145,15,2141.0,2083.0,2019.0,2113.285714285714,2074.0714285714284,25.427768847187693,-5,2025,9,23,1,3,0,Tuesday
2025-09-24,3,38,12,2138,17,2145.0,2086.0,2015.0,2120.714285714286,2082.8571428571427,23.66230677426344,-5,2025,9,24,2,3,0,Wednesday
2025-09-25,6,35,12,2132,18,2138.0,2095.0,2026.0,2126.0,2090.4285714285716,20.936411662649718,-6,2025,9,25,3,3,0,Thursday
2025-09-28,11,29,12,2146,9,2132.0,2096.0,2025.0,2133.1428571428573,2099.0714285714284,17.18942088759263,3,2025,9,28,6,3,1,Sunday
2025-09-29,8,35,12,2148,13,2146.0,2096.0,2023.0,2140.5714285714284,2108.0,6.160550375332378,-1,2025,9,29,0,3,0,Monday
2025-09-30,8,32,12,2159,7,2148.0,2134.0,2025.0,2144.1428571428573,2117.5714285714284,8.513294923284544,5,2025,9,30,1,3,0,Tuesday
2025-10-01,4,33,12,2163,14,2159.0,2141.0,2047.0,2147.285714285714,2125.8571428571427,10.88905085606934,-2,2025,10,1,2,4,0,Wednesday
2025-10-02,20,51,15,2164,16,2163.0,2145.0,2083.0,2150.0,2131.6428571428573,12.476644847125593,-1,2025,10,2,3,4,0,Thursday
2025-10-05,8,28,13,2180,16,2164.0,2138.0,2086.0,2156.0,2138.3571428571427,15.481171358825259,-3,2025,10,5,6,4,1,Sunday
2025-10-06,5,33,15,2187,10,2180.0,2132.0,2095.0,2163.8571428571427,2144.9285714285716,15.22529223969692,5,2025,10,6,0,4,0,Monday
2025-10-07,11,45,4,2189,10,2187.0,2146.0,2096.0,2170.0,2151.5714285714284,15.491933384011682,-6,2025,10,7,1,4,0,Tuesday
2025-10-08,8,49,15,2192,17,2189.0,2148.0,2096.0,2176.285714285714,2158.4285714285716,13.92496900820339,-2,2025,10,8,2,4,0,Wednesday
2025-10-09,11,55,13,2192,12,2192.0,2159.0,2134.0,2181.0,2162.5714285714284,12.62273081817092,1,2025,10,9,3,4,0,Thursday
2025-10-13,8,24,7,2223,6,2192.0,2163.0,2141.0,2189.5714285714284,2168.4285714285716,17.709292690385055,1,2025,10,13,0,4,0,Monday
2025-10-14,7,30,16,2235,8,2223.0,2164.0,2145.0,2199.714285714286,2174.8571428571427,20.701966779659436,8,2025,10,14,1,4,0,Tuesday
2025-10-15,8,29,10,2225,15,2235.0,2180.0,2138.0,2206.1428571428573,2181.0714285714284,20.54611537779254,-5,2025,10,15,2,4,0,Wednesday
2025-10-16,9,33,15,2233,9,2225.0,2187.0,2132.0,2212.714285714286,2188.285714285714,20.75824563587874,6,2025,10,16,3,4,0,Thursday
2025-10-19,9,34,17,2237,7,2233.0,2189.0,2146.0,2219.5714285714284,2194.785714285714,19.50946046393337,10,2025,10,19,6,4,1,Sunday
2025-10-20,10,39,6,2243,7,2237.0,2192.0,2148.0,2226.8571428571427,2201.5714285714284,16.83675118456464,-1,2025,10,20,0,4,0,Monday
2025-10-21,13,39,17,2251,9,2243.0,2192.0,2159.0,2235.285714285714,2208.1428571428573,9.759000728192833,8,2025,10,21,1,4,0,Tuesday
2025-10-22,12,42,13,2261,12,2251.0,2223.0,2163.0,2240.714285714286,2215.1428571428573,12.079104349228567,1,2025,10,22,2,4,0,Wednesday
2025-10-23,4,27,26,2266,18,2261.0,2235.0,2164.0,2245.1428571428573,2222.4285714285716,14.971401307748737,8,2025,10,23,3,4,0,Thursday
2025-10-26,4,35,12,2276,10,2266.0,2225.0,2180.0,2252.4285714285716,2229.285714285714,15.914952537175157,2,2025,10,26,6,4,1,Sunday
2025-10-27,2,31,8,2282,11,2276.0,2233.0,2187.0,2259.4285714285716,2236.0714285714284,16.701867588004202,-3,2025,10,27,0,4,0,Monday
2025-10-28,6,22,11,2286,6,2282.0,2237.0,2189.0,2266.4285714285716,2243.0,15.988090805155965,5,2025,10,28,1,4,0,Tuesday
2025-10-29,6,25,4,2280,17,2286.0,2243.0,2192.0,2271.714285714286,2249.285714285714,12.737271890517754,-13,2025,10,29,2,4,0,Wednesday
2025-10-30,3,17,14,2287,12,2280.0,2251.0,2192.0,2276.8571428571427,2256.0714285714284,9.940297972616982,2,2025,10,30,3,4,0,Thursday
2025-11-02,5,21,10,2277,7,2287.0,2261.0,2223.0,2279.1428571428573,2259.9285714285716,7.128079950759484,3,2025,11,2,6,4,1,Sunday
2025-11-03,3,28,5,2269,12,2277.0,2266.0,2235.0,2279.5714285714284,2262.3571428571427,6.241184256795969,-7,2025,11,3,0,4,0,Monday
2025-11-04,6,33,6,2270,8,2269.0,2276.0,2225.0,2278.714285714286,2265.5714285714284,7.158079016956331,-2,2025,11,4,1,4,0,Tuesday
2025-11-05,8,41,8,2272,7,2270.0,2282.0,2233.0,2277.285714285714,2268.3571428571427,7.3872476976422545,1,2025,11,5,2,4,0,Wednesday
2025-11-06,6,33,9,2264,19,2272.0,2286.0,2237.0,2274.1428571428573,2270.285714285714,7.7336617319616625,-10,2025,11,6,3,4,0,Thursday
2025-11-09,11,33,5,2294,4,2264.0,2280.0,2243.0,2276.1428571428573,2273.9285714285716,10.730463974952219,1,2025,11,9,6,4,1,Sunday
2025-11-11,11,39,12,2294,14,2294.0,2287.0,2251.0,2277.1428571428573,2277.0,12.143977538314342,-2,2025,11,11,1,4,0,Tuesday
2025-11-12,14,48,20,2302,7,2294.0,2277.0,2261.0,2280.714285714286,2279.9285714285716,15.348336344579247,13,2025,11,12,2,4,0,Wednesday
2025-11-13,6,26,16,2317,5,2302.0,2269.0,2266.0,2287.5714285714284,2283.5714285714284,19.423843962013283,11,2025,11,13,3,4,0,Thursday
2025-11-16,5,22,3,2340,5,2317.0,2270.0,2276.0,2297.5714285714284,2288.1428571428573,25.83187399823473,-2,2025,11,16,6,4,1,Sunday
2025-11-17,1,35,6,2343,8,2340.0,2272.0,2282.0,2307.714285714286,2292.5,27.968519717945203,-2,2025,11,17,0,4,0,Monday
2025-11-18,2,38,8,2345,12,2343.0,2264.0,2286.0,2319.285714285714,2296.714285714286,23.221500709754338,-4,2025,11,18,1,4,0,Tuesday
2025-11-19,7,32,3,2340,10,2345.0,2294.0,2280.0,2325.8571428571427,2301.0,21.302805537876047,-7,2025,11,19,2,4,0,Wednesday
2025-11-20,18,57,8,2340,9,2340.0,2294.0,2287.0,2332.4285714285716,2304.785714285714,16.359066220114602,-1,2025,11,20,3,4,0,Thursday
2025-11-23,3,46,22,2375,1,2340.0,2302.0,2277.0,2342.8571428571427,2311.785714285714,16.98458684958941,21,2025,11,23,6,4,1,Sunday
2025-11-24,9,40,9,2371,13,2375.0,2317.0,2269.0,2350.5714285714284,2319.0714285714284,15.479633315880104,-4,2025,11,24,0,4,0,Monday
2025-11-25,6,47,14,2375,11,2371.0,2340.0,2270.0,2355.5714285714284,2326.5714285714284,17.067094487954712,3,2025,11,25,1,4,0,Tuesday
2025-11-27,4,24,8,2389,7,2375.0,2343.0,2272.0,2362.1428571428573,2334.9285714285716,20.02022786545114,1,2025,11,27,3,4,0,Thursday
2025-11-30,4,18,10,2415,0,2389.0,2345.0,2264.0,2372.1428571428573,2345.714285714286,26.472807251679864,10,2025,11,30,6,4,1,Sunday
2025-12-01,4,26,4,2410,9,2415.0,2340.0,2294.0,2382.1428571428573,2354.0,25.51096869553568,-5,2025,12,1,0,4,0,Monday
2025-12-02,7,34,6,2407,8,2410.0,2340.0,2294.0,2391.714285714286,2362.0714285714284,18.73245210536632,-2,2025,12,2,1,4,0,Tuesday
2025-12-03,4,32,8,2419,7,2407.0,2375.0,2302.0,2398.0,2370.4285714285716,19.553345834112744,1,2025,12,3,2,4,0,Wednesday
2025-12-04,16,39,7,2418,13,2419.0,2371.0,2317.0,2404.714285714286,2377.6428571428573,16.58025216574955,-6,2025,12,4,3,4,0,Thursday
2025-12-07,4,24,13,2429,12,2418.0,2375.0,2340.0,2412.4285714285716,2384.0,12.514753197491558,1,2025,12,7,6,4,1,Sunday
2025-12-08,9,27,9,2440,4,2429.0,2389.0,2343.0,2419.714285714286,2390.9285714285716,11.397577017938398,5,2025,12,8,0,4,0,Monday
2025-12-09,4,30,7,2443,8,2440.0,2415.0,2345.0,2423.714285714286,2397.9285714285716,14.06786273318862,-1,2025,12,9,1,4,0,Tuesday
2025-12-10,10,54,5,2439,9,2443.0,2410.0,2340.0,2427.8571428571427,2405.0,13.61896436779486,-4,2025,12,10,2,4,0,Wednesday
2025-12-11,7,47,9,2437,10,2439.0,2407.0,2340.0,2432.1428571428573,2411.9285714285716,10.27016019598859,-1,2025,12,11,3,4,0,Thursday
2025-12-14,8,35,4,2462,8,2437.0,2419.0,2375.0,2438.285714285714,2418.1428571428573,13.462469877892984,-4,2025,12,14,6,4,1,Sunday
2025-12-15,11,42,9,2470,7,2462.0,2418.0,2371.0,2445.714285714286,2425.214285714286,14.693698032824946,2,2025,12,15,0,4,0,Monday
2025-12-16,8,54,15,2468,9,2470.0,2429.0,2375.0,2451.285714285714,2431.8571428571427,14.693698032824946,6,2025,12,16,1,4,0,Tuesday
2025-12-17,7,31,11,2481,10,2468.0,2440.0,2389.0,2457.1428571428573,2438.4285714285716,17.372665995310214,1,2025,12,17,2,4,0,Wednesday
2025-12-18,11,50,6,2472,16,2481.0,2443.0,2415.0,2461.285714285714,2442.5,16.888993315564516,-10,2025,12,18,3,4,0,Thursday
2025-12-21,6,18,11,2484,14,2472.0,2439.0,2410.0,2467.714285714286,2447.785714285714,15.499615969861617,-3,2025,12,21,6,4,1,Sunday
