Date,Predicted_HHS_Care
2025-12-22,2481.086022606713
2025-12-23,2484.4449665465563
2025-12-24,2484.3718701832818
2025-12-25,2485.298034065064
2025-12-26,2485.298034065064
2025-12-27,2487.5559096404104
2025-12-28,2486.1871300214657
2025-12-29,2479.8034669827534
2025-12-30,2484.4449665465563
2025-12-31,2484.3718701832818
2026-01-01,2575.2100950116774
2026-01-02,2605.2778050462857
2026-01-03,2601.8743372249546
2026-01-04,2598.470634083724
2026-01-05,2602.054892128962
2026-01-06,2606.696391692765
2026-01-07,2606.6232953294902
2026-01-08,2605.2778050462857
2026-01-09,2605.2778050462857
2026-01-10,2601.8743372249546
2026-01-11,2598.470634083724
2026-01-12,2602.054892128962
2026-01-13,2606.696391692765
2026-01-14,2606.6232953294902
2026-01-15,2605.2778050462857
2026-01-16,2605.2778050462857
2026-01-17,2601.8743372249546
2026-01-18,2598.470634083724
2026-01-19,2602.054892128962
2026-01-20,2606.696391692765
